SNPmarker,a,b,fatherAA001,fatherAA002,fatherAA003,fatherAA004,fatherAA005,fatherAA006,fatherAA007,fatherAA008,fatherAA012,fatherAA013,fatherAA014,fatherAA015,fatherAA018,fatherAA019,fatherAA022,fatherAA023,fatherAA024,fatherAA025,fatherAA026,fatherAA028,fatherAA029,fatherAA030,fatherAA031,fatherAA032,fatherAA033,fatherAA036,fatherAA039,fatherAA040,fatherAA041,fatherAA042,fatherAA045,fatherAA046,fatherAA047,fatherAA048,fatherAA050,offAA051,offAA053,motherAA056,offAA060,offAA061,fatherAA062,offAA064,fatherAA066,motherAA067,offAA069,fatherAA070,fatherAA072,motherAA074,motherAA078,fatherAA079,fatherAA080,offAA083,fatherAA084,offAA085,motherAA089,motherAA090,motherAA092,offAA093,fatherAA094,offAA097,fatherAA100,offAA101,motherAA103,motherAA104,offAA105,offAA106,offAA110,fatherAA111,offAA116,fatherAA117,motherAA127,offAA128,offAA129,offAA131,offAA133,motherAA134,fatherAA136,offAA137,fatherAA138,offAA139,offAA140,motherAA146,fatherAA147,fatherAA150,motherAA151,motherAA152,motherAA157,motherAA158,offAA163,offAA165,offAA166,offAA167,fatherAA168,fatherAA170,offAA171,offAA172,offAA173,offAA174,offAA175,fatherAA176,motherAA177,offAA178,offAA179,offAA181,offAA182,offAA183,offAA186,offAA190,offAA191,offAA192,offAA195,offAA197,motherAA198,motherAA199,fatherAA201,offAA202,fatherAA203,fatherAA204,offAA207,offAA208,offAA209,offAA210,fatherAA009,fatherAA011,fatherAA016,fatherAA017,fatherAA021,fatherAA027,fatherAA034,fatherAA035,fatherAA037,fatherAA044,fatherAA049,fatherAA052,offAA054,fatherAA055,fatherAA058,offAA059,motherAA065,motherAA068,fatherAA071,offAA073,offAA077,fatherAA081,motherAA082,offAA086,offAA087,offAA088,motherAA091,fatherAA096,offAA098,motherAA099,offAA107,offAA108,motherAA109,offAA112,motherAA113,offAA115,offAA118,fatherAA119,offAA120,offAA121,offAA122,offAA123,offAA124,offAA125,offAA126,offAA130,fatherAA132,fatherAA135,fatherAA141,motherAA142,fatherAA143,offAA144,motherAA145,motherAA148,offAA149,motherAA154,fatherAA155,motherAA156,offAA161,offAA162,motherAA164,offAA169,offAA180,motherAA184,fatherAA185,offAA187,offAA188,offAA196,offAA200,offAA205,offAA206,offAA043,fatherAA063,fatherAA075,fatherAA114,offAA189,motherAA194
20,0.804568528,0.195431472,AB,AA,AB,AA,-,BB,AB,AA,AB,AA,BB,AA,AB,AA,AA,AA,AA,AB,AA,AA,AB,AA,AA,BB,AA,BB,AB,AA,AA,AA,AB,AB,AA,BB,AA,AB,AA,AA,AA,AA,AA,AA,AB,AA,AA,AA,AA,BB,AA,AA,AA,AA,AA,AA,AB,AB,AA,BB,BB,AB,AA,AA,AA,AB,AA,AA,AA,BB,AB,AB,AA,AA,AA,AB,AA,AA,AA,AA,AB,AB,AA,AA,AA,AB,AB,AA,AB,AA,AB,AA,AA,AA,AB,AB,AA,AB,AA,AA,AA,AA,AB,AB,AA,AA,AB,AA,AA,AA,AA,AA,AA,AB,AB,AA,AA,AA,AA,AA,AB,AB,AA,AB,AA,AA,AA,AB,AA,AA,AA,AA,AB,AB,AA,AB,AA,AA,AB,AA,AA,AA,AA,AA,AB,BB,AA,BB,AA,AA,AA,AA,AA,AB,AA,AB,AA,BB,AA,AA,AA,BB,AA,AA,AA,AA,AA,AA,AA,AA,AA,AA,BB,AB,AA,AA,AA,AA,AB,AA,AB,AA,AA,AA,AA,AA,AA,AA,AB,AA,AB,AA,AA,AA,AA,AA,AA,AA,AA,-,AA
44,0.72361809,0.27638191,AB,AA,AA,AA,AA,AA,AB,AA,AA,AB,AB,AA,AA,AB,AB,AA,AA,AA,AA,AB,AA,BB,AA,AB,AA,AB,AA,AA,AA,AB,AB,AB,AB,AA,AA,AA,AA,AA,AA,AB,BB,AA,BB,AB,AA,AA,AB,AA,AB,AB,AA,BB,AA,AA,AB,AA,AB,AA,AA,AA,BB,AA,AA,AA,AB,BB,AA,AB,AA,AB,AB,AA,AA,AB,AA,AB,AB,AA,AA,AB,AA,BB,AA,AB,AA,AB,AB,AA,BB,AA,AB,BB,AA,AA,BB,BB,AB,BB,BB,BB,BB,AA,AB,AA,AA,AA,AA,AB,BB,AA,AB,AA,AB,BB,AA,AA,AB,AA,AB,AA,BB,AA,AA,AB,AA,AA,AA,AB,AA,AA,AA,AA,AA,AB,AB,AA,AB,AA,AA,AA,AA,AB,AA,AA,AB,AB,BB,AA,AA,BB,AA,AA,AB,AB,AA,AB,AB,AB,AA,AB,AB,AB,AA,AB,AB,AB,AB,AB,AA,AB,AB,AB,AA,AA,AA,AA,AA,AB,AA,AA,AA,AA,AA,AA,AA,AA,AA,AB,AB,AB,AA,AA,AA,AA,AB,AB,AA,AB,AA
52,0.783068783,0.216931217,AA,BB,AB,AA,AA,AA,BB,AA,AB,AA,AB,AB,AA,AA,AA,AA,AA,AB,AA,AA,AA,AA,AA,AA,AB,AA,AA,BB,AA,AB,AA,AA,AA,AA,AB,AA,AA,BB,BB,AA,BB,AB,AA,AB,-,AA,AB,AA,AA,AB,AA,AA,AA,AA,AB,AB,AA,AB,-,AA,AA,AB,AA,AA,AB,AA,AA,AA,AA,AA,AA,AA,AA,AA,AB,-,AA,AA,AA,BB,BB,AA,AA,AA,AA,AB,AA,AA,AA,AB,AB,AB,AB,AA,AB,AA,BB,AA,AA,AA,AB,AA,AB,AB,AA,AA,AA,AB,AA,AA,AA,AA,AA,AB,AB,AA,AB,AA,AA,AA,AB,AA,BB,BB,AA,AA,-,AA,AA,BB,-,AA,BB,AA,AA,AA,AB,AB,AB,AB,AA,AA,AA,AA,AB,AA,AA,-,-,AA,AA,AA,AA,AA,AB,AA,AA,-,-,AA,AA,AA,AB,AA,AA,AB,AB,AB,AA,AB,AA,AA,AB,AB,AA,AA,AA,AA,AB,AA,AB,AA,AB,AB,AB,AA,AA,AA,AB,AA,AB,AB,AA,AA,AA,-,AB,AB,AB
78,0.246153846,0.753846154,AB,AB,AB,AB,AA,BB,BB,BB,BB,AB,AB,BB,BB,BB,BB,BB,BB,BB,BB,BB,BB,-,AB,BB,BB,AB,AB,AB,AB,-,BB,AB,BB,AB,AA,AB,AB,AA,BB,BB,BB,BB,AB,BB,AB,BB,AB,BB,AB,BB,BB,BB,AA,AB,AB,AB,BB,BB,BB,BB,BB,AB,AB,BB,BB,AB,BB,BB,AB,AB,BB,AA,BB,BB,BB,AB,BB,AB,BB,AB,BB,BB,AB,BB,AB,BB,AB,BB,AB,AA,BB,AA,BB,BB,AB,AB,AB,AA,BB,BB,AB,BB,AB,BB,AB,BB,BB,BB,BB,BB,BB,AB,AB,BB,AB,AB,BB,AB,AB,BB,BB,AB,AB,BB,AB,AB,AB,BB,BB,BB,BB,AB,BB,BB,BB,BB,BB,AB,AB,BB,-,BB,BB,BB,BB,BB,BB,AA,BB,BB,BB,BB,BB,AA,BB,AB,BB,BB,AA,BB,BB,BB,BB,BB,BB,AB,BB,BB,BB,AB,BB,BB,BB,BB,BB,BB,BB,BB,AB,AB,AB,AA,BB,AA,AB,AB,AB,AB,AB,BB,AB,AB,AB,BB,BB,-,BB,BB,AA
118,0.765151515,0.234848485,AA,AA,AA,AA,AA,AA,AB,AA,AB,AA,AB,AB,AA,AA,AB,AA,AB,AA,AB,AA,AA,AA,AA,AA,AB,AA,AB,AA,AB,AB,AA,AA,AB,AA,AA,AB,-,AB,AB,AB,AA,AA,AB,AB,AA,AA,AA,AB,AB,AA,AA,BB,AA,AA,AA,AB,AA,AA,AB,AB,AA,AA,AB,AA,AB,AA,AA,AB,AA,AA,AA,AA,AB,AA,AB,AA,AA,AA,AA,AA,AB,AB,AA,AA,AA,AA,AA,AB,AA,AB,AB,AA,AB,AB,AA,AB,AA,AA,AA,BB,BB,AB,AA,AA,AA,AA,AB,AB,AA,AA,AB,AA,AA,BB,AA,AA,AA,AB,AA,AB,AB,AB,AA,AA,AB,AA,AA,AA,AB,AB,AB,AB,AA,AB,AA,AA,AB,AA,AA,AB,AB,AB,AA,AA,AB,AB,AB,AA,AA,BB,AB,AA,AB,BB,BB,AB,AA,AB,AA,AA,BB,AA,AA,AA,AB,AA,AA,AA,AA,AA,AA,BB,AB,AA,AA,AB,AB,AA,AB,AA,AB,AA,AA,AA,AA,BB,AA,AA,AA,AB,AB,AB,AA,AA,BB,AA,AA,AA,AB
119,0.798969072,0.201030928,AA,AA,AB,AB,AA,AA,AA,AB,AB,AA,AB,AB,AA,AA,AB,AB,AB,AA,AB,AA,AA,AA,AA,AA,AA,AA,AB,AA,-,AB,-,AA,BB,BB,AB,AA,AB,AA,AA,AB,AB,AA,AB,AA,AA,AB,AA,AB,AA,AB,AA,-,AB,AA,AA,-,AA,AB,AA,AA,AA,AB,AA,AB,AA,AA,AA,AA,AA,AA,AA,AB,AB,AA,AA,AA,AB,AB,AB,AA,AA,AA,AA,AB,AA,AB,AA,AA,AA,AA,AA,AA,AA,AA,AB,AA,AB,AB,AB,AA,AB,AA,AA,AB,BB,AA,AA,AA,AA,AB,AA,AA,AA,AA,AA,AB,AB,AB,AB,BB,AA,AB,AA,AA,AA,AA,AA,AB,AA,AB,AA,AB,AA,-,AA,AA,AB,AA,AB,AA,AA,AA,AB,AB,AA,AA,AB,AB,AA,AA,AA,AA,AA,AA,AB,AB,AB,AA,AA,AB,AA,AB,AA,AA,AA,AA,AA,AA,AB,AB,AB,AA,AA,AA,AA,AA,AA,AA,AB,AB,AA,AA,AA,AA,AA,AA,AB,AB,AB,AA,AB,AB,AA,AA,AA,BB,AA,AB,AA
157,0.752604167,0.247395833,AB,AB,AA,AB,AA,AA,AB,AA,AA,AB,AA,AA,AB,BB,AB,AA,AB,AB,AA,AA,AB,AA,AB,BB,AB,AB,AA,AA,AB,AA,AA,AA,AB,AB,AA,AB,AB,-,AA,AA,AB,AA,AA,AA,AA,AB,AB,-,AB,AB,AB,AB,AA,AA,-,AB,AB,AA,AB,BB,AA,AA,AB,AB,AB,BB,AA,AB,AA,AA,AB,AA,AB,AA,AA,AB,AA,AA,AA,AB,AA,AB,AB,AA,AA,AA,AA,AA,AB,AB,AA,AA,AB,AA,AA,AA,-,AA,AA,AA,AB,AB,AA,AA,AA,AA,AA,AA,AA,AA,AA,AB,AA,AA,AA,AB,AB,AA,AA,AA,AA,AA,AA,AB,AA,BB,AB,AA,BB,AA,AB,AB,AA,AB,AA,-,AA,AA,-,AA,AA,-,BB,AA,AA,AB,AA,AA,AA,AA,AA,AB,AA,AA,AB,AA,AB,AA,AA,AB,AB,AB,AA,AA,AB,AA,AB,AA,AB,AA,AA,AA,AA,AA,AA,AA,AA,BB,AA,AB,BB,BB,AB,BB,AA,AA,AB,AA,AA,AA,AA,AA,BB,AB,BB,AB,AA,AB,BB
158,0.765306122,0.234693878,AB,BB,AA,AB,AB,AB,AA,AA,AB,AA,AA,AB,AB,AA,AA,AB,AA,BB,AA,AA,AB,AA,AB,AB,AA,AB,AA,AA,AB,-,AB,AA,AA,AB,AB,AB,AA,AA,AA,AA,BB,AA,AA,AA,AA,AB,BB,AB,AB,BB,BB,AA,AA,AA,-,AA,BB,AB,AA,AB,AA,AA,AB,AB,AA,AB,AA,AA,AA,AB,AA,AA,AA,AA,AA,AB,AB,AA,AA,AA,AA,AA,AA,AB,AA,AB,AA,AA,AA,AB,AA,AA,AA,AA,AA,AA,AB,AA,AA,AA,AA,AA,AA,AB,AB,-,BB,AA,AA,AA,AA,AB,AA,AA,AB,BB,AA,AA,BB,AA,AB,AA,AB,AA,AA,AA,AA,AB,AB,AB,AA,AA,AA,AB,AA,AA,AA,AA,AA,AB,AB,AB,AA,AB,AA,AA,AA,AA,AA,AA,AA,AA,AA,AA,AA,AA,BB,AA,AA,AA,AA,AA,AA,AA,BB,AA,AA,BB,BB,AA,AA,BB,AA,AA,AA,AB,BB,AA,AB,AA,AB,AB,AA,AB,AA,AB,AB,AB,AA,AA,AA,BB,AB,AB,AA,AB,AA,AA,AB
159,0.218592965,0.781407035,AA,BB,BB,BB,BB,AB,BB,BB,BB,AA,BB,BB,BB,AB,AB,BB,BB,BB,BB,BB,AB,BB,BB,AB,BB,AB,BB,AB,BB,BB,AA,BB,BB,BB,AB,AB,BB,AB,BB,BB,BB,AB,BB,AB,BB,BB,BB,AA,AB,BB,BB,BB,AB,AB,AB,AB,BB,BB,BB,AB,BB,AB,BB,AA,BB,AB,BB,AB,BB,BB,BB,BB,BB,AB,BB,BB,BB,AB,BB,BB,BB,BB,BB,BB,BB,BB,BB,BB,BB,AB,BB,BB,AB,BB,BB,BB,AB,AB,AA,BB,BB,BB,BB,AB,AA,AB,AA,BB,BB,BB,BB,AA,AB,BB,BB,BB,BB,BB,BB,BB,BB,AB,BB,BB,BB,AA,BB,AB,BB,BB,AB,AB,BB,AB,BB,BB,AA,AB,AB,BB,AA,BB,BB,AB,BB,AA,BB,BB,AB,AB,BB,BB,AB,BB,AB,AA,BB,AB,AB,BB,BB,BB,BB,BB,BB,BB,AB,BB,AB,AB,BB,AB,BB,BB,BB,BB,AB,BB,AB,BB,BB,AB,BB,AB,BB,BB,AB,AB,BB,BB,BB,BB,AB,BB,AB,BB,AB,AA,BB
209,0.726130653,0.273869347,AA,AA,AB,BB,AA,AB,AB,AA,AA,AA,AA,AB,AB,AA,AA,AA,AB,AB,AA,AA,AB,AA,AA,AA,AB,AA,AB,BB,AA,AB,AA,AB,AA,AA,AB,AB,AA,AB,AB,AB,BB,AB,AB,AB,AA,AB,AA,AA,AA,AA,BB,AB,AA,AA,AA,AA,AB,AB,AB,AB,AA,AB,AA,AA,BB,AA,AA,AA,AA,AA,AB,BB,AB,AB,AA,AB,AB,AA,AB,AA,AB,AB,AB,BB,AA,BB,AA,AA,AB,AA,AA,AA,AA,AB,AB,AB,BB,AB,AA,AA,AA,AB,AB,AA,AA,AB,AB,AA,AB,AB,AA,AA,AB,AA,AA,AB,BB,AB,AA,AA,AB,AA,AB,AB,AB,AA,AB,AB,AB,AB,AA,AA,AB,AA,AA,AA,AB,AB,AA,AA,AA,AA,AA,AB,AA,AA,AB,AB,AB,AA,AB,AA,AB,AA,AA,AB,AA,AA,AA,AA,AA,AA,BB,AB,AA,AB,BB,AB,AB,AB,AA,AB,AA,AA,BB,AB,AA,AB,AA,AA,AA,AA,AB,AA,AB,AA,AA,AA,AB,AA,AB,AA,AA,AA,AA,AB,AB,AB,AA
236,0.560606061,0.439393939,AA,AB,AA,AA,AA,AB,AA,AB,AB,BB,AB,AA,AA,BB,AA,BB,BB,AB,AB,BB,AA,AB,AA,AA,BB,AB,AB,AB,AA,BB,AA,AB,AB,AB,BB,AA,AA,AA,BB,AB,AB,BB,AB,AB,AA,AB,BB,AA,BB,AA,AA,AA,AB,AA,AB,AB,BB,AB,AB,BB,AA,AB,AA,AA,AB,AB,AB,AB,AB,AB,AB,AA,AA,AB,AB,BB,AB,BB,BB,AB,AB,AB,BB,AB,AA,AA,AB,BB,AA,AB,AA,AA,BB,AB,BB,AA,AA,AA,AB,AA,AB,AA,AA,BB,AB,AA,AB,AA,AA,AB,AB,AB,BB,AB,AB,AA,AA,AB,AA,AB,AA,BB,AB,AB,AB,BB,AB,AB,AA,AB,AB,AA,BB,-,BB,AB,BB,AB,AB,AA,AA,BB,BB,AB,AA,BB,AA,AA,AB,AB,BB,AA,AB,AB,AB,AA,BB,AB,BB,AA,AB,AA,AB,BB,AB,AB,AB,AB,BB,AB,AB,AB,AA,AB,AA,AA,AA,AA,BB,AB,AB,AB,BB,AB,AA,AA,AB,AB,BB,AA,AB,AA,AB,BB,BB,AA,AB,AB,BB
286,0.734693878,0.265306122,AB,AB,AA,AA,AA,AA,AB,AB,AA,AA,AB,AA,BB,AB,AA,AA,BB,AA,AA,AA,AB,AA,AA,AB,AB,AA,AB,AA,AB,AB,AB,AB,AA,AA,AA,AB,AA,-,AA,AA,AB,AA,AB,AB,BB,AB,AB,AA,AB,AB,AB,AA,AB,AA,-,BB,AA,AA,AA,AA,AB,BB,AA,AA,AB,BB,BB,AA,AB,BB,AA,-,AA,AB,AB,AA,AA,AA,BB,AA,AB,AB,AA,AB,BB,AA,AA,AB,AA,AA,BB,AA,AA,AA,AA,BB,AA,AA,AA,AA,AA,AA,AA,AA,AA,AB,AA,AB,AA,AA,AB,AA,AA,AB,AA,AA,AA,AB,AA,AA,BB,BB,AA,AA,AA,AB,AA,AB,AB,AB,AB,AA,AA,AB,AB,AB,AA,AB,AB,AA,AA,AA,AB,AB,AA,AA,AA,AB,AA,AA,AA,AB,AA,AB,AA,AA,AB,AB,AB,AA,AB,AB,AA,AA,AB,AA,AB,AB,AB,AA,AA,AA,AA,AB,AB,AA,BB,AB,AA,AA,AA,AA,AA,AB,AA,AB,AA,AA,AA,BB,AA,AA,AA,AB,AB,AB,AB,AA,AB
290,0.556410256,0.443589744,AB,AB,BB,AA,BB,AA,AA,AA,AA,AB,AA,AB,BB,AB,AB,AB,AB,BB,AB,BB,BB,AB,AB,BB,AA,AB,AA,AB,AB,AA,AB,AA,AB,AA,AA,AA,AA,AB,AB,AB,AA,-,BB,AA,AA,AB,AB,BB,-,AA,-,AA,AB,AA,AA,AA,AB,AB,-,AA,AA,BB,AA,BB,AB,AB,AA,AB,BB,BB,AB,BB,AB,AA,AB,AB,AA,AB,BB,AB,AB,AA,AB,AA,BB,BB,AA,AB,AB,BB,AB,AA,AB,AB,AB,AB,AA,AA,AB,AB,AB,BB,AA,AA,AA,AA,BB,AB,AB,BB,AB,AB,AA,AB,AA,AA,BB,AB,AB,AB,AB,BB,AB,AB,AB,AB,BB,AA,AA,AA,AB,AA,BB,AA,AA,AB,AA,BB,BB,AA,AA,AB,AB,AB,AB,AA,AB,BB,AB,AB,AA,AB,AB,AA,AA,AA,AB,AA,BB,AB,AB,AA,AB,AB,AA,AB,AB,AB,AB,AB,BB,AB,AA,BB,AB,AA,AB,AB,AA,BB,BB,BB,AB,BB,AB,AB,AA,AB,AB,BB,AA,BB,BB,AB,BB,BB,BB,AA,BB
314,0.751295337,0.248704663,AA,AB,AB,AA,AA,AB,AB,AA,AA,AA,AB,AA,AB,AA,AA,AB,AA,AB,AB,BB,AA,AA,AA,-,AA,-,AA,-,AB,AB,AB,AA,AB,AA,AA,AA,AB,AA,AA,AB,AB,AA,AB,AA,AB,AA,AA,AA,AB,AA,AA,AA,AB,AB,AB,AA,AB,AB,-,AA,AA,AB,AA,AB,AA,AB,AA,AA,AB,-,BB,AB,AA,AB,AA,BB,AA,AA,AA,AA,AA,AA,AA,AA,AB,BB,AB,AA,AB,AA,AB,BB,AB,AB,BB,AB,AB,AB,AB,AA,AB,AB,BB,AA,AA,AA,AA,AB,AB,AA,AB,AA,AA,AB,AB,AA,AA,AA,AA,AA,AA,AB,AA,AB,AA,AA,AA,AA,AA,AA,-,AA,AA,AA,AA,AA,BB,AA,AA,AA,BB,AA,AA,AB,AB,AA,AB,AA,AA,AB,AA,AA,AA,AB,AB,BB,AA,AB,AA,AB,AA,AB,AB,AA,AA,AA,AA,AA,AA,BB,AB,AA,AA,AA,AB,AA,AB,AA,AB,AB,AA,AA,AA,AA,BB,AA,AA,BB,BB,AB,AA,AA,AA,AA,AA,AB,AA,BB,AA
327,0.762755102,0.237244898,AB,AB,AA,AA,BB,AB,-,BB,AB,AA,AA,AB,BB,AA,AA,AB,AB,AA,AA,AB,AA,AB,BB,BB,AA,AB,AB,AB,AA,AA,AA,AA,AA,AA,AB,AA,AB,AA,AB,AA,AA,AA,AA,BB,AA,AA,AA,AA,AA,AB,AB,AA,AA,AA,AA,AA,AB,AB,AB,AA,AB,AA,AA,AB,AA,AA,AB,AB,AB,AA,AB,AB,AB,AA,AB,AB,AA,AA,AA,AB,AB,AB,AB,AB,AA,AA,AA,AA,AB,AA,AB,AA,AB,AB,AA,AB,AA,AA,AB,AA,AA,AA,AA,AB,AB,AB,AA,AB,AB,AA,AA,AA,AA,AA,BB,AA,AA,AA,AA,AA,AA,AB,AA,AA,AA,AA,AA,AA,AB,AB,AB,AB,AB,AB,AB,BB,AB,AA,AA,AA,AA,AA,AB,AA,AA,AB,AA,AB,-,AA,AA,AA,AB,AA,AA,AA,AA,AB,AA,AB,BB,BB,AA,AB,AA,AA,AB,-,AB,AA,AA,AA,BB,AA,AB,AA,AA,AB,AB,AA,AA,AA,AB,AA,AA,AA,AA,AA,AA,AA,AA,BB,AA,AA,AB,AA,AA,AA,AA
329,0.791666667,0.208333333,AB,AA,AA,AA,AB,AA,AA,AA,AA,AA,AA,AA,AB,AB,AB,AA,AA,AB,AA,AA,AB,AA,AA,AB,AA,AA,AB,AA,AA,AA,AA,AA,AA,AB,-,AA,-,-,AB,AA,AB,AA,AA,AB,AA,AB,BB,AA,BB,AB,-,AB,-,AB,AA,AA,AB,AA,AA,AB,AB,AA,AB,AB,AA,AA,AB,AB,AB,AB,AA,AB,AB,AB,AB,AB,AA,AA,BB,AA,AB,AA,AA,AA,AA,BB,AA,AA,AA,AA,AB,AB,AB,AB,AA,AA,AB,AA,AA,AA,AB,AA,AB,AB,AB,AB,AB,AA,AA,BB,AA,AB,BB,AB,AA,AB,BB,BB,AA,AA,AB,AB,AA,AA,AA,AA,AA,AB,AA,AB,AA,AA,AA,AA,AA,AA,AA,AA,AA,AA,AA,AA,AB,AA,AB,AA,AA,AA,AA,AA,AA,AB,AA,AA,AB,AA,AB,AA,AA,AB,AA,AA,-,AA,AA,AA,AA,AA,AA,AB,AB,AB,AA,AA,AB,AA,AA,AA,AA,AA,AA,AA,AA,AA,AA,AA,AA,AB,AA,AA,AA,AB,AA,BB,AA,-,AA,AA,AA
332,0.201030928,0.798969072,AB,AB,BB,AB,AB,BB,AB,BB,BB,AB,AB,BB,AB,AB,BB,BB,AB,AB,AA,AB,AB,AA,BB,AB,BB,AB,AB,-,AB,AB,AB,-,AA,AB,AB,BB,BB,BB,AB,BB,AA,BB,BB,AB,BB,BB,BB,BB,BB,AB,AB,BB,BB,BB,BB,AB,BB,AB,-,BB,BB,BB,BB,BB,BB,BB,AB,AB,BB,BB,BB,AB,BB,BB,BB,BB,BB,BB,AA,BB,BB,BB,AB,BB,AB,BB,BB,BB,BB,BB,BB,AB,BB,BB,BB,BB,AB,-,AB,BB,BB,BB,BB,BB,AB,AB,BB,BB,BB,BB,BB,BB,BB,BB,AB,AB,AB,BB,BB,BB,AB,AB,BB,BB,BB,AB,BB,AB,BB,AB,BB,BB,BB,BB,BB,BB,AA,BB,BB,BB,AB,BB,AB,AB,BB,BB,BB,BB,BB,BB,BB,BB,BB,BB,BB,BB,AB,AB,BB,AB,AB,BB,BB,BB,AB,BB,BB,AB,AB,AB,AB,BB,AB,BB,BB,BB,BB,BB,BB,AB,BB,BB,AB,AB,BB,BB,BB,BB,BB,BB,BB,BB,AB,BB,AB,-,BB,AA,AB
362,0.294736842,0.705263158,AA,AB,BB,AB,BB,BB,AB,BB,AB,AB,BB,AB,BB,AB,AB,BB,AB,AB,AA,AB,BB,BB,AB,BB,BB,BB,-,AB,BB,BB,AB,AB,-,BB,AA,-,-,AB,BB,AB,AB,BB,AB,-,AB,BB,AB,AB,AA,BB,-,-,AB,BB,-,AA,AA,BB,BB,AA,BB,BB,BB,AB,BB,BB,BB,BB,BB,AB,BB,BB,AB,AB,AB,AB,AB,BB,AB,AB,AB,BB,BB,AB,BB,AB,AB,BB,AB,BB,AB,BB,AB,BB,AB,AB,AA,AB,BB,BB,BB,AB,BB,BB,BB,AB,AA,AB,BB,AB,AB,BB,BB,AA,BB,AB,BB,BB,AB,BB,AB,AA,AB,BB,BB,BB,BB,BB,AB,AA,AB,BB,AB,AB,-,BB,BB,AB,BB,AB,BB,AB,AA,BB,BB,BB,BB,BB,BB,AB,BB,BB,AB,BB,BB,BB,BB,BB,BB,BB,AB,BB,BB,AB,BB,AB,AB,BB,AB,BB,AB,AA,AB,BB,AB,BB,AA,AB,AB,AB,AB,AB,BB,AB,AB,BB,BB,BB,BB,AB,AB,BB,BB,AB,AB,AA,AB,BB,BB
386,0.439393939,0.560606061,AB,AA,AB,BB,AB,AB,AB,AB,BB,AB,AA,BB,AB,BB,AB,AB,AA,BB,AB,BB,AB,BB,AB,AB,BB,BB,BB,BB,AB,AA,AB,AA,BB,AB,BB,AB,AB,AB,AB,AB,BB,BB,AB,AB,AB,AB,AA,AA,BB,AB,AB,AA,AB,AB,AB,AB,AB,BB,AB,AA,AB,BB,BB,BB,BB,BB,AA,BB,AA,BB,AA,AA,AA,BB,AB,AB,BB,AA,AB,BB,AB,AB,BB,BB,AA,AB,AB,AA,AB,AB,AB,AB,AA,AB,AB,BB,AB,AB,AA,AA,AB,AB,AB,BB,AB,BB,AB,AB,AB,AB,AB,AB,AB,AB,AB,AA,AB,AB,AA,AB,AB,AB,AB,AA,BB,AA,AB,AA,AB,AB,BB,AB,BB,AB,AA,AB,AB,AB,AB,AA,BB,AA,AA,AB,AB,AB,AB,AB,AB,AA,AB,AB,BB,AB,AB,BB,BB,BB,BB,BB,BB,AB,AB,AB,AA,BB,BB,AB,AB,BB,BB,BB,BB,BB,AB,AB,AA,AA,AB,AB,BB,AB,AA,BB,BB,AB,AA,BB,AB,AA,BB,AB,BB,AB,BB,-,BB,BB,BB
399,0.238693467,0.761306533,AB,BB,AA,BB,AB,AB,AB,AB,BB,BB,AB,AB,BB,AA,BB,BB,AB,BB,AA,AB,BB,AB,AB,BB,BB,BB,BB,AB,BB,AB,AB,BB,AB,BB,AB,BB,BB,BB,AB,AB,AB,BB,BB,AA,BB,AB,AB,BB,AB,AB,BB,BB,AB,AA,AB,AB,BB,BB,BB,BB,BB,BB,BB,BB,BB,BB,AB,BB,AB,BB,AB,AB,AB,AB,AB,AB,AB,BB,BB,BB,AB,BB,BB,AA,AB,BB,AB,BB,BB,BB,AB,BB,BB,BB,AB,BB,BB,AB,BB,AB,AB,BB,AB,BB,BB,BB,AB,AB,BB,BB,AB,BB,AB,AB,BB,BB,BB,AB,AB,BB,AA,AB,AB,AB,BB,AB,BB,AB,BB,BB,BB,BB,BB,BB,AB,BB,BB,AB,BB,AB,BB,AA,AB,AB,BB,AB,AB,BB,BB,AB,AB,BB,BB,BB,BB,BB,BB,BB,AB,BB,BB,BB,BB,BB,AB,AB,BB,AB,BB,BB,BB,BB,AB,AB,AA,AB,BB,BB,BB,BB,BB,BB,BB,BB,BB,AB,BB,BB,AB,AB,BB,AB,BB,BB,BB,BB,AB,BB,BB
410,0.256281407,0.743718593,AB,AB,AB,BB,BB,BB,BB,AB,BB,BB,BB,BB,BB,AB,AA,AB,AA,AB,AB,BB,BB,BB,AA,BB,BB,BB,BB,BB,AB,AB,BB,AB,BB,BB,BB,BB,BB,AA,BB,AB,AB,BB,AB,BB,BB,BB,AB,BB,BB,BB,BB,AA,AB,BB,BB,BB,AB,AA,BB,AB,BB,BB,BB,AB,BB,BB,AB,BB,BB,BB,BB,BB,AA,BB,BB,BB,BB,AB,BB,AB,BB,BB,AA,BB,AB,BB,BB,AB,BB,AB,AA,BB,BB,BB,BB,AB,AA,BB,BB,AA,BB,BB,BB,AB,BB,BB,BB,AA,AB,AB,AB,BB,BB,AB,BB,AB,BB,BB,BB,BB,AA,AB,AB,BB,BB,BB,BB,AB,BB,AB,BB,AB,BB,BB,BB,AA,BB,BB,BB,AB,BB,BB,AB,AA,BB,AA,AB,BB,AA,AB,BB,BB,BB,AB,AB,AB,AA,AB,BB,AB,AB,BB,BB,BB,AA,BB,BB,AB,BB,BB,AA,AB,BB,BB,BB,AB,AB,AA,BB,BB,BB,BB,AA,AA,BB,BB,BB,BB,BB,AB,AB,BB,AB,BB,AB,BB,BB,BB,AB
411,0.681818182,0.318181818,AB,AB,AA,AB,AA,AB,AB,AA,AA,AA,BB,BB,BB,AB,AB,AA,AA,AB,AA,AB,AB,AB,AA,AB,AA,AB,-,BB,AA,AA,AA,AB,AB,AB,AB,AB,AA,AA,AB,AB,AA,BB,AB,AA,AA,AA,AA,AA,AB,AA,BB,AB,AA,AA,AB,AA,AB,AB,AA,AA,AA,AA,AA,AB,AB,AB,AB,AA,AB,AB,BB,AB,AB,AA,AB,AB,AB,AA,BB,AB,AB,AB,AB,AA,AA,AB,BB,AA,AB,AB,AB,AB,AA,AB,AA,AA,AA,AA,AB,AA,AB,AB,AA,AA,AA,AA,AA,AB,AB,AA,AB,AB,BB,AB,AB,AA,AB,AB,AB,AB,AA,AA,AA,AA,AB,AB,AA,BB,AB,BB,AB,AB,AB,AB,AB,AA,AA,AA,AA,AA,AB,AB,AB,AB,AB,BB,AB,AA,AB,AA,AA,AA,AA,AA,AA,AB,AB,AA,AA,BB,AB,AA,AA,AA,AB,AA,AA,AB,AA,AA,AA,AB,AB,AA,AA,AB,AA,AA,AA,AB,AA,AB,AB,AB,AB,AB,AA,AB,AA,AB,AB,AA,AB,AB,AB,AB,AA,AB,AB
413,0.775252525,0.224747475,AA,AA,AA,AA,AB,AA,AA,AA,AA,AA,AB,AA,AA,AA,AA,AA,AA,AA,AA,AA,AA,AA,AA,AA,AA,AA,BB,AA,AA,AA,AA,AA,AA,AA,AB,AA,AB,AB,AB,AB,AA,AA,AA,AB,AB,AA,AA,AB,AB,AA,AA,AB,AA,AB,AB,-,AB,AA,AA,AA,AB,AB,AB,AB,AA,AA,AA,AA,AA,AA,AB,AA,AB,AB,AB,AB,AA,AA,AB,AB,BB,AB,AA,AA,AB,AB,AB,AB,AA,BB,AA,AA,AA,AA,AA,AB,AA,AA,AA,AA,AB,AB,AB,AA,AB,AA,AA,AA,AA,AA,AA,AA,AB,AB,AA,AA,AA,AA,AA,AA,AB,AA,AA,AA,AA,AA,AA,AA,AA,AA,AB,AA,AB,AA,AB,AA,AA,AB,AB,AB,AA,AA,BB,AA,AB,AB,AB,AB,AB,AA,AA,AB,AA,AB,AB,AB,AB,AA,AB,AA,AA,AA,AB,AB,AA,BB,AB,AA,AA,AA,AA,AB,AA,AB,AB,AB,AB,AB,AA,AB,BB,BB,AA,AB,AB,AB,AA,AB,AA,AA,AB,AB,AB,AB,AA,AA,AA,AA,AB
427,0.593908629,0.406091371,AA,AB,AA,AA,AA,AA,AA,BB,AA,AA,AB,BB,AA,AB,AA,AB,AA,AA,AB,-,AA,AA,AB,AA,AB,AB,AB,AA,AA,BB,AB,AA,AA,AB,AA,AB,AB,AB,BB,AA,AB,AA,AB,AB,AB,BB,BB,AB,AA,BB,AB,AB,BB,AA,AB,BB,AB,AA,AB,AB,BB,AB,BB,AA,AB,AA,AB,AB,AB,BB,AA,AB,AA,AB,AB,AA,AA,AA,BB,AB,BB,AB,AB,AB,AB,AB,AB,AA,BB,AB,BB,BB,BB,AA,BB,AB,AB,AA,AB,AB,AB,AB,AB,AB,AA,AB,AB,AB,BB,BB,BB,AB,AB,AB,AA,AB,AB,AA,BB,AB,AB,AA,AB,AA,BB,AA,AA,AA,AB,BB,BB,AA,AB,AB,AB,BB,AA,AA,AA,AB,AB,AB,AB,AA,AA,AA,AA,AA,BB,AB,AB,AB,AB,AA,AA,AB,AA,AA,AA,AB,BB,AA,AA,AA,AA,BB,AA,AB,AA,AB,AA,AA,AB,AA,AB,BB,AA,AB,AB,AA,AB,AB,AB,AB,BB,AB,AB,AB,AB,BB,AB,BB,AB,AB,AB,-,AA,AA,AA
434,0.740932642,0.259067358,AA,BB,AA,AA,AB,-,-,AA,AA,AA,AA,AB,-,AA,BB,AB,AA,AB,AA,AA,AA,AA,AA,AA,BB,AA,AA,AA,AB,AB,AA,AB,AA,AB,AA,AB,AA,AB,AA,AB,AA,AB,AB,AA,AA,AA,AB,AA,AA,AA,AB,AB,AA,AB,AB,AB,AA,AA,AB,AB,AA,AA,AB,AA,BB,AA,AA,BB,AB,AA,BB,AA,AB,BB,AB,AB,AB,AB,AA,AA,AB,AB,AA,AA,AA,AA,AA,AA,AB,AA,AB,AB,AA,AA,AA,AA,AB,AA,AA,AB,AA,AA,AA,AA,AB,AB,AA,AB,AA,AA,AB,AA,AA,AB,AA,AB,AA,AB,AB,AB,AB,AA,AA,-,-,AA,AB,AA,AB,AB,AA,AB,AB,AB,AA,AA,AA,AB,AB,AB,AB,AA,AB,AA,AB,AA,AB,AA,-,AB,AA,AB,AB,AA,AB,AB,AA,AA,AB,AA,AA,AB,BB,AB,AB,AA,BB,AA,AA,AB,AA,AB,AA,AB,AA,AB,AB,AA,AA,BB,AA,AA,BB,AA,AA,AB,AA,BB,AA,AA,AA,AB,AA,AA,AB,AA,AB,AA,AA
441,0.243523316,0.756476684,AB,AB,BB,BB,BB,BB,BB,BB,BB,AB,BB,AB,AB,AB,BB,BB,BB,BB,BB,BB,AB,AB,AB,AB,BB,AB,BB,BB,BB,AB,BB,BB,BB,BB,-,AB,-,AB,AB,BB,AB,AB,BB,-,BB,BB,BB,BB,AB,AB,AB,BB,BB,BB,AB,AB,AB,BB,BB,BB,AB,AA,BB,BB,AB,AB,BB,AA,BB,BB,AB,AB,BB,BB,AB,AB,BB,BB,AB,BB,AB,BB,BB,AB,BB,BB,AB,BB,BB,BB,BB,AB,BB,AB,AB,BB,BB,AB,BB,BB,AA,BB,AB,BB,BB,AB,BB,BB,BB,AA,BB,BB,BB,BB,BB,AB,BB,BB,AB,AB,AB,BB,AB,AB,BB,AB,AA,BB,BB,BB,BB,AB,BB,-,BB,BB,-,AA,AA,BB,-,BB,AB,BB,AB,BB,BB,AB,BB,BB,BB,AB,AB,AB,BB,BB,BB,AB,AA,BB,AA,AB,AA,AB,BB,BB,AB,BB,BB,AB,AB,BB,AB,AB,BB,BB,BB,BB,BB,BB,BB,BB,AB,BB,AB,AB,BB,AB,BB,BB,BB,AB,BB,AA,AB,BB,AA,AA,BB
467,0.76142132,0.23857868,AA,AB,BB,AB,AB,AB,AB,AA,AB,AA,AA,AB,AA,AA,AA,AA,AA,AA,AA,AA,AA,-,AA,AA,AB,AA,AB,AA,AA,AB,AA,AB,AA,BB,AB,AA,AA,AB,AA,AB,AA,BB,AB,AA,AA,AA,AB,AA,AB,AB,AA,AA,AA,AB,AA,AA,AA,AA,AA,AB,AA,AA,AB,AA,BB,AA,AA,AA,AB,AB,AB,AB,AA,AA,AA,AB,BB,AB,AA,AB,AA,AB,AB,AB,AA,AA,AA,AA,AB,AA,AB,AA,AB,AA,AA,AB,AB,AA,AA,AA,AB,AA,AA,BB,AB,AB,BB,AB,AB,AB,AA,AB,AA,AA,AA,AB,AA,AB,AB,AA,AA,AA,AA,AB,AB,AB,AB,AA,AB,AB,AA,AA,AA,AB,AB,AB,AA,AB,AB,AA,AA,AB,AA,AB,AA,AA,AA,AA,AB,AA,AB,AA,AB,AB,AA,BB,AB,-,AB,AA,BB,AB,AB,BB,AA,AA,AA,AA,AB,AA,AA,AA,AB,AA,AA,AA,AA,AA,AA,AA,AA,AA,AB,AA,AA,AA,AA,AA,AA,AA,AB,AA,AA,AA,BB,AA,AB,AA,AA
471,0.645408163,0.354591837,AA,AA,AB,BB,AB,AA,BB,AA,AB,AB,AA,AA,AB,AA,AA,AB,AB,AA,AA,AA,AB,AB,AB,AB,AA,AB,AB,AB,AB,AB,AB,AB,AA,AB,BB,AB,BB,AA,AB,AB,AB,AB,AA,AB,BB,AB,AB,AB,AB,AB,AB,AA,AA,AA,AB,AA,AA,-,AA,AA,AA,AA,AB,AB,AA,AB,AB,AB,AB,AB,AA,AB,AA,AB,AB,AB,AA,AB,AB,AA,AA,AA,AB,AB,AA,AB,AA,AB,AA,AB,AA,AA,AA,AB,AB,AA,AB,AA,AB,AA,BB,BB,AA,AB,BB,AA,AB,AA,AA,AB,AB,AA,AA,AA,BB,AB,BB,AB,AB,AB,AB,AA,BB,AB,AB,AB,AA,AB,AA,AB,BB,AB,AA,AA,AA,AB,AB,-,AA,AA,AA,AA,BB,BB,AB,-,AB,AB,AB,AA,AA,AB,AA,AA,AB,AB,AB,AA,AA,AA,AB,BB,AB,AA,BB,AA,AA,BB,AA,AB,AA,AA,AB,AA,AA,AA,AB,AA,AB,BB,AB,AB,AA,AB,AA,BB,BB,AA,AB,AA,AB,AB,AB,AB,AB,AA,AB,BB,BB
474,0.386597938,0.613402062,AA,BB,BB,AA,AB,BB,BB,BB,-,-,AA,BB,-,-,AB,AB,AA,AB,AA,AB,AB,AB,AA,AA,BB,AB,AB,AA,AB,BB,AB,AB,BB,AB,AB,AA,AB,AB,AB,AB,BB,AB,BB,BB,AB,BB,BB,BB,AA,BB,AA,BB,AB,BB,AB,AB,BB,-,BB,BB,AB,BB,BB,BB,AB,AA,AB,BB,BB,AB,AA,AB,BB,AB,AB,AA,AB,BB,AA,AB,AB,AA,AA,BB,BB,AA,BB,AB,AB,AB,AA,BB,BB,BB,BB,AB,AB,BB,AB,AB,AB,AB,BB,BB,AA,BB,BB,BB,AB,BB,AB,AA,AB,AB,AB,BB,AB,AB,AB,AA,BB,AB,AB,BB,AB,AB,BB,AB,BB,BB,AB,AB,AA,AB,BB,AB,BB,BB,BB,AA,AA,BB,AB,AB,BB,AB,AB,AB,BB,AB,AB,BB,AB,AB,AB,AB,AB,BB,BB,BB,AA,AB,AB,AB,BB,AB,AB,AB,AA,BB,BB,BB,AB,BB,AA,AA,AB,AA,BB,BB,BB,AB,BB,BB,BB,AB,AB,BB,BB,AB,AB,BB,BB,AB,AA,AA,BB,BB,AB
479,0.804568528,0.195431472,AA,AA,AA,AB,AB,AA,AA,AA,AA,AA,AA,AA,AA,AB,AA,AB,AA,AB,AA,AB,AA,AB,AA,AA,AB,AA,AA,AA,AB,AB,AA,-,AA,AA,AB,AA,AB,AB,AA,AA,AA,AA,AA,AA,AB,AA,BB,AA,AB,AA,AA,AA,AB,AA,AA,AA,AA,AA,AB,AA,AA,AB,AA,AA,AA,AA,AA,AB,AA,AB,AA,AA,AA,AA,AA,AA,AA,AA,AB,AA,AA,AA,AB,AA,AA,AA,AA,AA,AA,BB,AA,AA,AA,AB,AA,AA,AA,AA,AA,AA,AA,AA,AA,AA,AB,AA,AA,AB,AA,AA,AA,AA,AB,AA,AA,AA,AA,AB,AA,AA,AA,AA,BB,AA,AA,AA,AA,BB,AA,AA,BB,AA,AA,AA,AA,AB,AA,BB,AB,AB,AA,AA,AA,AA,AB,AA,-,AA,AB,AA,AA,AB,AA,AB,AB,AA,AB,AA,AB,AB,AB,AB,AB,AA,AA,AA,AA,AA,AB,AA,AA,BB,AA,BB,AB,AB,AA,AB,AA,AB,BB,AB,AA,BB,AA,AB,AA,AA,AA,AB,BB,AA,BB,AB,AB,AA,AA,AA,BB
497,0.51025641,0.48974359,AB,AB,BB,AB,AB,AA,-,AA,AB,AB,BB,AB,AB,BB,AB,AB,BB,AB,AB,BB,AA,AB,AA,AA,AB,AB,AB,AB,AA,AB,AB,AB,AB,AB,AB,AA,BB,AB,AA,AB,AA,AA,AB,AA,AA,AB,AB,AB,-,AB,BB,BB,AA,AA,AB,BB,AA,AB,AA,BB,AB,AA,AB,AB,AA,AB,AA,BB,AB,AB,AA,AB,BB,AB,AA,AB,AB,BB,BB,AA,AA,AB,BB,AB,AA,AB,-,AA,AB,AB,AB,AA,AB,AB,BB,AB,AA,AB,AB,AB,AB,BB,BB,AB,AB,AB,AB,AA,AB,AB,AB,AB,AA,AB,AB,AA,AB,AA,BB,AB,AA,AB,AA,AB,BB,AB,AB,AB,AB,AB,BB,AB,AA,AB,AB,AB,BB,AA,AA,BB,AB,BB,BB,BB,AB,BB,AB,AA,AB,AB,BB,BB,AB,AB,AB,BB,AB,BB,AA,BB,AB,AB,AB,AB,BB,AA,AA,BB,AB,AB,BB,AA,AB,AA,BB,BB,AB,BB,AB,AB,AB,AB,AB,AB,AB,BB,AB,AB,BB,AA,BB,AB,AB,AA,AB,-,AA,AA,BB
516,0.541025641,0.458974359,AB,AA,AA,AB,AB,BB,AB,AA,AB,AB,AB,AA,AA,AB,AA,BB,AB,AB,AB,-,AA,AB,BB,AB,AB,BB,AB,AB,AB,AA,AB,AB,BB,AB,BB,AB,BB,AA,AA,BB,AA,AA,AB,AA,AA,AB,AB,AA,AA,AB,AB,AB,AB,AB,AB,BB,AA,AA,-,AB,AB,AA,AB,AA,AB,BB,BB,AB,AB,AB,BB,AB,AA,AA,AA,BB,BB,AA,AB,BB,AA,BB,AB,BB,AB,AA,AB,BB,BB,AB,AB,AB,AB,AB,AB,AB,AA,BB,BB,AB,AB,AB,AB,AB,AA,AB,BB,AB,BB,AB,AB,AA,AB,AA,AA,-,BB,AB,AA,AA,AA,AB,BB,AA,AB,AB,AB,AB,AB,AA,AA,AA,AA,AB,BB,BB,AB,AB,AB,BB,BB,-,AB,AB,AB,AA,AB,AB,AB,BB,AB,AA,AB,AB,AA,BB,AB,AB,AA,AA,AB,AB,AA,AB,AA,AB,AB,AA,AA,BB,AB,AB,AB,AB,AB,BB,AA,AB,AA,BB,AB,AB,AA,AB,BB,AB,AA,BB,BB,AB,BB,AB,AB,AB,AB,AA,AA,BB,AA
526,0.607329843,0.392670157,AA,AA,AB,AA,BB,AA,AB,AB,AA,AB,AA,AB,AB,AA,BB,AA,BB,AA,AB,AB,AB,AB,AA,AB,AA,AA,-,AA,BB,-,AB,AA,AB,AB,AA,AB,AB,BB,BB,AA,AA,AA,AB,BB,AB,AB,AA,AB,AA,AA,AA,AB,AB,AA,AB,-,AB,AB,AA,BB,AA,AB,AB,AB,AA,AA,BB,AB,AA,AA,AA,AA,BB,AB,BB,AB,AB,AA,AA,AB,BB,AA,AB,AA,AA,AA,BB,AA,AB,BB,BB,AB,AA,AB,BB,AB,AB,BB,AA,BB,AA,AA,AB,AA,AB,AA,AB,BB,AA,AB,AB,AB,AA,BB,AA,AA,AA,AA,AA,BB,AB,AB,BB,AB,BB,AB,AB,AB,AA,BB,AA,AA,BB,AA,AA,AA,AB,BB,AB,BB,AA,AA,AA,AB,AB,AB,-,AB,-,AA,AA,AA,AB,AA,AB,AB,BB,BB,AB,AB,AA,AB,AA,AB,BB,BB,AB,BB,-,AB,AA,BB,AA,AB,AA,AA,BB,AA,AA,AA,AB,BB,AB,BB,AA,AA,AA,AA,BB,BB,AA,AA,AB,-,-,AA,AB,AB,BB
535,0.340909091,0.659090909,AA,BB,BB,AA,AA,AB,AB,BB,BB,AB,AB,AB,AB,AB,AB,AA,AB,BB,BB,BB,AB,AB,AA,AB,AB,BB,AB,AB,AA,AB,BB,BB,AB,AB,AB,BB,AB,AB,AB,AB,AB,BB,AB,AB,AA,BB,AB,BB,AB,AB,AB,AB,AA,AB,AB,BB,BB,AB,AB,AB,BB,BB,AB,BB,AB,AA,BB,BB,AB,BB,BB,BB,AB,AB,AB,BB,BB,BB,AB,BB,AB,BB,AB,AA,BB,AB,AB,BB,AB,AB,AB,AB,AB,BB,BB,AB,AB,BB,BB,BB,AA,BB,AB,BB,BB,BB,AB,BB,AB,AA,BB,BB,BB,AB,BB,BB,AB,AB,AB,BB,AB,AA,AA,BB,AB,AB,BB,BB,BB,AB,AB,AB,AB,BB,BB,BB,BB,AB,BB,AA,AB,BB,AA,AB,-,AB,AB,BB,BB,AB,AB,BB,BB,AB,AB,BB,BB,AB,AB,BB,AB,AA,AB,BB,BB,BB,AB,BB,BB,BB,BB,BB,AB,BB,BB,AB,AB,AB,AB,AB,BB,BB,AB,AB,BB,AB,AB,BB,AB,BB,AA,AB,BB,AB,AA,AB,AB,BB,BB
545,0.360824742,0.639175258,AB,AB,BB,AA,AA,AB,BB,AB,AB,BB,AB,BB,AB,BB,AB,AB,BB,AB,BB,BB,AB,AB,AA,AA,BB,BB,AB,BB,AB,BB,AA,BB,BB,BB,AB,AB,AA,AB,-,AB,AB,BB,AB,AB,AB,BB,AB,AA,BB,AB,AB,AB,AB,AA,BB,AB,BB,-,AB,BB,BB,AB,AB,AB,AB,AB,AB,AA,AB,AB,-,BB,AA,AB,AB,BB,BB,AB,BB,BB,AB,AB,BB,AB,AA,AB,BB,BB,AB,BB,AB,BB,BB,BB,BB,AB,AA,BB,AB,AB,BB,BB,BB,BB,AB,AB,AB,AB,AB,BB,AA,AB,AB,AB,AB,BB,AB,AB,BB,AB,AA,BB,AB,AB,AB,BB,AB,AB,BB,BB,BB,AB,AB,AB,AA,BB,BB,-,BB,AA,AB,AB,BB,-,AB,BB,AB,BB,BB,BB,AB,AA,AB,AB,BB,AA,BB,BB,AB,AA,AB,AB,AA,AA,AB,BB,AB,AB,BB,BB,BB,BB,AB,AB,BB,AA,AA,BB,BB,BB,BB,BB,AB,BB,BB,AB,BB,AB,BB,AB,AA,BB,BB,BB,BB,AA,AB,AB,BB
552,0.866834171,0.133165829,AA,AA,AA,AA,AB,AA,AA,AA,AA,AA,AB,AA,AA,AA,AB,AA,AA,AA,AA,AA,AA,AB,AA,AA,AB,AA,AB,AA,AA,AA,AA,AA,AB,AB,AA,AB,AB,AA,AA,AA,AA,AA,AB,AA,AA,AA,AA,AA,AA,AA,AA,AA,AA,AB,AB,AA,AA,AA,AA,AA,AA,AB,AB,AA,AA,AA,AA,AA,AB,AB,AA,AA,AB,AB,AA,AA,AB,AA,AA,AA,AA,AA,AA,AA,AA,AA,AA,AA,AB,AA,AA,AA,AA,AA,AA,AB,AA,AA,AA,AB,AA,BB,AA,AB,AB,AB,AA,AB,AB,AA,AA,AB,AA,AB,AA,AB,AA,AA,AA,AB,AA,AB,AA,AA,AB,AA,AA,AA,AA,AA,AA,AA,AA,AA,AA,AA,AA,AA,AA,AB,AA,AA,AA,AB,AA,AB,AA,AA,AA,AA,AB,AA,AA,AA,AB,AA,AA,AA,AA,AA,AA,AA,AA,AA,AA,AB,AA,AB,AB,AA,AA,AA,AA,AA,AA,BB,AB,AA,AA,AA,AA,AA,AA,AA,AA,AB,AA,AA,AA,AA,AB,AB,AA,AB,AA,BB,AA,AA,AA
566,0.340314136,0.659685864,AB,AB,-,BB,AA,BB,AA,BB,AB,BB,BB,AB,AB,BB,AA,AB,BB,AB,AA,AA,BB,AB,AB,BB,-,BB,AB,BB,AA,AA,AB,BB,AB,AA,AB,AB,AB,BB,AB,-,AA,AB,AA,BB,BB,AB,AB,AB,BB,AB,BB,AB,-,AB,BB,AB,-,BB,-,BB,AB,BB,BB,BB,BB,BB,AB,BB,AB,AA,BB,BB,AB,AB,AB,BB,AB,AB,BB,-,AB,BB,AB,AB,AB,AB,AB,BB,AB,AB,AA,AA,BB,AB,AB,AB,BB,AA,AA,AB,AB,BB,BB,AB,AB,BB,AA,AA,AB,AA,AB,BB,BB,AB,BB,BB,BB,AB,AA,BB,AB,AB,-,BB,AB,AB,BB,BB,BB,AB,AB,BB,AA,BB,BB,AB,AB,BB,BB,BB,AB,BB,BB,BB,BB,BB,AB,BB,AB,AB,BB,BB,BB,BB,BB,BB,BB,AB,BB,BB,BB,BB,BB,BB,AA,AB,BB,AA,AB,AB,BB,BB,AB,BB,BB,AB,BB,BB,BB,BB,AB,AB,BB,AA,BB,BB,BB,AB,AA,AB,AB,BB,AA,BB,AB,AA,BB,AA,AB
613,0.753768844,0.246231156,AA,AA,AA,AA,AA,AB,BB,AA,AA,AA,AA,AA,AA,AA,AB,AB,AB,AA,AA,AB,AB,AB,AA,AB,BB,AB,AA,AA,AB,AB,AB,AA,AB,AB,AA,AB,AB,AA,AB,AA,AA,AA,AB,AB,AA,AA,AA,AB,AA,AB,AB,AB,AB,AA,AB,AB,AA,AA,AA,BB,AB,AA,AA,AA,AB,AB,AA,AB,BB,AB,BB,AA,AA,AA,AB,BB,AB,BB,AA,BB,AB,AB,AA,AB,AA,AA,AA,AB,AA,AA,AA,AB,AB,AA,AA,AA,AA,AB,AB,AB,AB,AA,AB,AA,BB,AB,BB,AA,AB,AA,AA,BB,AA,AA,AA,AA,AA,AB,AA,AB,AA,AB,AA,AA,AA,AB,AB,AA,AA,BB,AA,AA,AA,AB,AA,AA,AB,AA,AA,AA,AA,AA,AB,AA,AB,AB,AA,AB,AA,AA,AA,AA,AB,AA,AA,AA,AA,AA,AB,AB,AB,AA,AA,AA,AB,AB,AA,AB,AB,AB,AA,AA,AB,AA,AA,AA,AA,AA,AB,AB,AA,AA,AB,AA,AB,AA,AA,AB,AA,AA,AA,AA,AA,AA,AB,AA,AA,AB,AA
646,0.448186528,0.551813472,AA,AB,BB,AB,AA,AB,AB,AB,AB,AB,BB,BB,BB,AB,AB,BB,AB,AA,AB,AA,BB,AB,BB,AB,AB,AB,AB,AB,AA,-,-,-,AA,BB,AB,AA,BB,-,BB,AB,BB,BB,AA,AB,BB,BB,AB,BB,BB,AB,BB,-,AA,AB,BB,AB,AB,BB,BB,AB,AB,BB,AB,BB,AA,AB,BB,BB,BB,AB,AB,BB,AA,AA,AA,AA,BB,AB,AB,BB,AA,AA,AB,AA,BB,BB,AB,BB,AA,BB,AA,AB,BB,BB,BB,AA,BB,AB,BB,AA,BB,BB,BB,AB,AA,AB,AA,AA,AA,AB,AB,AA,AB,AB,AB,AB,AB,BB,BB,AA,BB,BB,AB,AB,AB,AB,BB,AB,AA,BB,AB,AB,AB,AB,AA,AA,AB,AB,BB,AB,AB,AB,AB,AB,AB,BB,-,AB,AA,AB,AA,BB,AB,AA,BB,AA,AA,AB,BB,BB,BB,AA,AB,AA,AA,AB,AA,AA,AB,BB,AB,AB,AA,BB,AA,AB,AA,AA,BB,AB,AB,BB,AB,BB,BB,AB,AB,BB,AB,AB,BB,AB,BB,AB,BB,AA,AB,BB,BB
672,0.280927835,0.719072165,AB,BB,BB,AB,BB,BB,AB,BB,AB,BB,BB,BB,AA,AB,AB,AB,BB,BB,AB,BB,AB,BB,AB,AA,AB,BB,AA,AB,AB,BB,AA,AB,BB,AB,BB,BB,AB,BB,AB,BB,BB,AB,BB,AB,AB,BB,BB,-,BB,AA,-,AB,-,BB,-,AA,BB,AA,BB,BB,BB,AB,AB,BB,AA,BB,BB,AA,BB,AB,BB,AA,BB,BB,AB,AA,AB,AB,AB,BB,BB,AB,BB,BB,AB,BB,BB,BB,AB,AB,AB,BB,BB,AB,BB,BB,BB,BB,AA,BB,-,BB,BB,AB,BB,AB,AB,BB,AB,BB,AB,AA,BB,AB,AB,AB,BB,BB,AB,AB,AB,BB,BB,BB,AB,BB,BB,BB,AB,BB,BB,AB,BB,BB,AB,BB,BB,BB,BB,AB,AB,BB,AB,AB,BB,AB,AB,BB,BB,AB,BB,AB,AA,BB,AB,AA,AA,BB,BB,BB,BB,BB,BB,BB,BB,AB,AB,AA,BB,BB,BB,AB,BB,BB,AA,AB,AB,BB,BB,BB,AB,AB,AB,AB,BB,AB,BB,BB,BB,BB,BB,AB,AB,BB,BB,AA,AB,BB,BB
679,0.571428571,0.428571429,AA,AB,AB,AA,BB,AB,AA,AB,AB,AA,BB,AB,AB,AA,AB,AA,AB,AB,AB,BB,AB,AB,BB,AB,AA,AA,AA,BB,AB,AB,AB,AB,AB,AB,AB,-,AB,AB,AB,AA,AA,AA,AB,BB,AB,AA,AB,AB,AA,AA,AB,AB,AB,BB,AB,AB,AA,-,BB,BB,AA,AA,AA,BB,AB,AB,BB,AB,BB,AA,AA,AA,BB,AB,AB,AB,AB,BB,AB,AA,AB,AA,AB,AB,AB,AA,AB,AB,AA,AB,AA,AB,AB,AA,AA,AA,AA,AB,AB,BB,BB,AA,AB,AB,BB,AB,AA,AA,AB,AB,AA,BB,AA,AA,AB,AB,AA,AA,AA,BB,AA,BB,BB,BB,AB,AA,BB,BB,AA,AB,AB,BB,AB,AA,AB,AA,AA,AB,AB,AB,AB,AB,AA,AA,BB,-,AA,AB,AB,AB,AB,AB,AB,AB,AB,AA,AB,AB,AB,AB,AA,AB,BB,AB,AB,AA,AB,AB,AA,AA,BB,AB,AA,BB,AB,BB,AB,AB,AB,AA,BB,AB,BB,BB,AA,AA,AA,AA,AB,AA,AB,AA,BB,BB,AA,AA,BB,AA,BB
691,0.484924623,0.515075377,AA,AB,BB,AB,BB,AB,BB,AA,BB,AB,AA,AA,AA,AA,AB,AB,AB,BB,BB,BB,AA,BB,BB,AB,AB,BB,AB,AB,BB,BB,AB,AB,AB,AB,AB,AA,BB,BB,AA,AA,AA,AB,AA,BB,BB,AB,AB,AB,AA,AB,AA,AA,BB,AB,AB,AB,AA,AB,BB,AA,AB,AB,AB,AB,AB,BB,AB,AB,AB,AA,BB,AA,AB,AA,AA,BB,BB,AA,AB,AB,AB,AA,BB,BB,BB,AB,BB,BB,AA,AB,AA,BB,BB,BB,AB,AA,AB,AB,AB,AA,AA,BB,BB,BB,AA,AB,AA,BB,AA,AA,AA,AB,BB,AB,AB,AB,AA,BB,AB,AA,AA,AB,AA,AA,BB,AA,BB,BB,AB,AA,AB,BB,AA,AA,AA,BB,AB,AA,AA,BB,BB,AA,AA,AB,AA,BB,AA,BB,BB,BB,AB,BB,AB,BB,BB,AB,AB,AB,BB,AA,AB,AA,AA,AB,BB,AB,AB,BB,BB,AB,AB,AA,AB,AB,BB,BB,BB,BB,AB,BB,AB,AA,AB,AA,AB,AB,BB,BB,AB,AA,BB,AB,AA,AB,AB,AB,BB,BB,AA
714,0.52284264,0.47715736,AB,BB,AB,BB,BB,AB,BB,AB,AB,AA,AB,AA,AB,AB,BB,BB,BB,AB,AB,AA,AA,AB,AB,AB,AB,AB,AB,AA,BB,AB,AB,AB,AB,AB,BB,BB,BB,AA,AB,AB,AA,BB,-,BB,AA,AA,BB,AB,AB,AB,BB,BB,AA,AB,AB,AB,AA,AB,AB,AA,AB,AA,AA,BB,AA,BB,BB,AA,AB,AB,AB,AB,AB,AB,BB,AB,AA,BB,AB,AB,BB,AB,AA,AB,BB,AB,AA,AB,AB,AA,AA,AB,AB,AB,AB,AB,AA,AB,BB,AB,AA,AA,AB,AB,BB,AA,AB,AA,BB,BB,AA,BB,AA,AB,AB,AB,AB,AB,AB,BB,AB,BB,AA,AB,BB,AA,AB,BB,AB,AA,AA,AA,AB,BB,AA,AA,BB,AB,AA,BB,BB,AB,AB,AB,AA,AB,AB,AA,AB,AB,AB,AB,AA,AA,AB,AA,AB,AB,AA,AB,AB,AB,AB,AB,AA,AB,AB,BB,AB,BB,BB,AA,BB,AA,AB,BB,AB,AA,AA,BB,AA,AA,AB,AA,AB,AB,AB,BB,AB,AB,BB,AA,AA,AB,AB,-,AA,BB,AA
725,0.248743719,0.751256281,AB,BB,BB,AB,AB,BB,BB,BB,BB,BB,BB,BB,BB,AA,AB,BB,BB,AA,AB,BB,AB,BB,BB,AB,BB,AB,AB,AB,AB,AB,BB,AB,AB,BB,AB,BB,BB,BB,AB,BB,AB,AB,AB,AB,AA,AB,BB,BB,AA,AB,AB,AA,BB,BB,BB,AB,AB,BB,AB,BB,BB,AB,AB,BB,BB,AB,AB,AA,BB,BB,BB,BB,BB,BB,AB,BB,AB,AB,AB,BB,BB,BB,BB,BB,AA,AB,BB,BB,BB,AB,BB,BB,BB,BB,BB,BB,BB,BB,BB,BB,BB,AB,BB,BB,BB,AB,AA,BB,BB,BB,BB,AB,AB,BB,BB,AB,BB,BB,BB,BB,AB,AB,AB,BB,BB,BB,BB,BB,BB,BB,BB,AB,AB,BB,BB,BB,AB,BB,AB,AB,AB,AB,BB,BB,BB,BB,BB,BB,AB,BB,BB,AB,BB,AA,AB,BB,AB,AB,BB,BB,AB,AB,AB,BB,AB,BB,BB,AA,AB,BB,BB,AB,BB,AB,AB,AB,BB,BB,BB,AB,AB,AB,AA,AB,BB,BB,BB,AB,BB,BB,BB,AB,BB,AB,AB,AB,AB,AB,AB
759,0.772959184,0.227040816,AB,AA,AA,AA,AA,BB,AA,AB,AB,AB,AB,AB,AA,AA,AA,AA,AB,AA,AA,AA,AA,AA,AA,AA,AA,BB,AA,-,-,AA,AA,AA,AA,AB,AA,AA,AA,AA,AB,AA,AA,AB,AA,AA,AA,AA,AA,AA,AB,AA,-,AA,AB,AB,AA,AA,AA,AA,AB,AA,AA,AA,AA,AA,AB,AB,AA,AA,AA,AA,AB,AA,AB,AA,AA,AA,AB,AA,AA,AB,AA,BB,BB,AB,AA,AA,AA,AA,AB,AA,AB,AA,BB,AB,AA,AB,AA,AA,AA,AB,AA,AA,AA,AA,AA,AA,AB,AB,AB,AA,AB,AA,AA,AA,AA,AA,AA,AB,BB,AA,AA,AB,AA,AA,AA,AB,AA,AA,BB,AA,AA,AA,AB,AB,BB,BB,AA,AA,AA,BB,AB,AB,AA,AA,AA,AA,AA,AA,BB,AA,AB,AB,AB,AA,AA,AA,AB,AB,AA,BB,AB,AA,AA,AB,AA,AA,AB,AA,AA,AA,AB,AB,AA,AA,BB,AB,AB,BB,BB,AA,AB,AA,AA,AB,AA,AB,AB,AB,AA,AB,AA,AB,AB,AA,AB,AA,AA,AA,AB
761,0.640625,0.359375,AA,AB,AB,BB,AA,AA,AB,AA,BB,AA,BB,AA,BB,AA,AA,AA,AB,AB,BB,AA,AB,AA,BB,BB,AB,AB,AB,-,AB,AB,AB,-,AB,AB,BB,-,AB,AB,BB,AA,AA,-,AA,AB,AA,BB,AA,AA,AA,AB,AA,AA,-,AB,AB,AB,AA,AA,-,AB,AA,AA,AB,AB,AA,AB,AB,AA,AB,AA,BB,BB,AA,AA,BB,BB,AB,AA,BB,AB,BB,AA,AB,AA,BB,AB,AA,AA,AA,AB,AB,AA,AB,AB,AA,AA,AA,AA,AB,AA,AB,BB,AA,AB,AA,AB,AB,AB,AA,AA,AB,AB,BB,AB,BB,AA,AB,AA,BB,AA,AB,AB,BB,AB,AB,AA,AB,AB,AA,AA,AB,AA,-,AA,AA,AA,BB,AB,AA,AB,AA,AA,BB,AB,AA,AB,AA,AA,AA,AA,AA,AA,AB,AA,AB,AA,AB,AB,AA,AA,AA,AA,BB,AB,BB,AA,AB,AB,AA,AA,BB,AB,AB,AB,AB,BB,AB,AB,AB,AA,AB,AB,BB,AB,AA,AA,AB,AA,AA,AB,BB,AA,AB,AA,AB,AA,AB,AA,AA
773,0.626262626,0.373737374,AB,AB,AA,AB,AA,AA,AB,AB,AB,AA,AA,BB,BB,AA,AA,AB,AA,AB,AA,AA,AB,AA,AB,AB,AA,AB,-,AA,AB,AA,AB,AB,BB,BB,AA,AB,AB,AB,AA,BB,AA,AB,AA,AA,AA,AA,AA,AB,AB,AB,AB,AB,AB,AB,AA,AA,AB,AB,AA,AA,AA,AA,AA,AB,AB,AA,AA,AA,AB,AA,AB,AB,AA,AB,AB,AB,AB,AB,AA,AA,AB,AB,AA,AB,AB,BB,AB,AA,AA,AB,AA,BB,AB,AB,AA,AA,AB,AB,BB,AA,BB,AA,AB,AA,BB,AA,AA,AA,AB,AB,AA,BB,AA,AA,AB,AB,BB,AB,BB,BB,AA,AA,AB,AB,BB,AA,AB,AB,AB,AB,AB,AB,AB,BB,AB,AA,AB,AA,AB,AA,AA,AB,AA,AB,BB,AB,BB,AB,AB,BB,AB,AB,AA,BB,AB,BB,AA,AA,AB,AA,BB,AB,BB,AB,AA,AB,BB,AB,AA,AB,AB,AA,AB,AB,AA,AB,BB,AA,AA,AB,AB,AB,AA,AB,AB,AA,AB,AB,AA,AA,AB,AA,AB,AB,AB,AB,AB,AB,AA
869,0.708542714,0.291457286,AA,AA,AA,AA,AA,AA,AA,BB,AB,AB,AA,AA,AB,AB,BB,AB,AB,AB,AA,AA,AA,AA,AA,AB,AA,AB,AA,AB,AB,AB,AB,AB,AB,AB,AA,AB,AB,AA,AB,AB,AA,AA,AB,AA,AB,AA,AA,AB,AA,AA,AA,AB,AA,AA,AA,AA,AA,AA,AA,AA,AB,AA,AB,AA,AA,AA,AA,AA,AB,AA,AB,AA,AB,AB,AA,AB,BB,AA,AB,AB,AB,AB,AA,AA,AA,AB,AB,AA,AA,AA,AA,AA,BB,AA,AA,AB,AA,AB,AB,AB,AB,AA,AA,AB,AA,AB,AB,AB,AB,AB,AB,AB,AA,AB,AB,AB,AB,AB,AA,AB,AB,AB,AA,AB,AA,AB,AA,AA,AB,AB,AA,AA,AB,AB,AB,AA,AB,AA,AB,AA,AA,AA,AB,AA,AB,AA,AA,AA,AA,AB,AA,AB,AB,AB,AA,AB,AB,AA,AB,AA,BB,AB,AB,AB,BB,AB,BB,AB,AA,AB,AB,AA,AB,AB,AB,AA,AB,AA,AB,AA,AA,AA,AA,AA,AA,BB,BB,BB,AB,AA,AA,AB,AA,AA,BB,AB,AB,BB,AA
926,0.780927835,0.219072165,AA,AB,AB,AB,AB,AB,AA,AA,AA,AA,AA,AB,AA,AB,AB,AA,AA,AA,BB,AB,AA,AB,AA,AA,AA,AA,AA,AA,-,AA,AA,AA,BB,AA,AB,AA,-,AA,AA,AA,BB,AA,BB,AA,AA,AA,AB,AA,-,AB,AA,AB,AA,AA,AB,AA,AA,AA,AA,AB,AA,AB,AA,AB,AA,AA,AA,AA,AA,AB,AB,AA,AB,AA,AA,AA,AA,AA,AA,AB,AA,AA,AA,AA,AB,AB,AB,AA,AB,AA,AA,BB,AB,AA,AB,AB,AB,AB,AA,AB,AB,AA,AB,AA,AA,AA,AB,AA,AB,AB,AA,AA,AA,AB,AB,AB,BB,AA,AA,AA,AB,AA,AA,AA,AB,AB,AA,AA,AA,AB,AA,AA,AA,AA,AA,AA,AB,AA,AA,AB,AA,AA,AB,AA,AB,-,AB,AA,AA,AA,AA,AA,AA,AA,BB,AB,AA,AB,AA,AA,AB,AA,AA,AA,AB,AA,AA,AA,AB,AB,AA,AA,AA,AA,AB,BB,AB,AA,AB,AB,AA,AA,AB,AA,AB,AB,AB,AB,AA,AB,BB,AB,AA,AA,-,AA,AA,AB,AA
951,0.659793814,0.340206186,AA,AA,AA,AA,AA,AB,AA,AA,AB,AA,AB,BB,AA,BB,AB,BB,BB,AB,AA,AB,AA,BB,BB,AA,AA,AA,AB,AB,AB,AB,AB,AB,AB,AA,AB,BB,AA,-,-,AB,AB,AB,AB,AB,AB,AB,AA,AA,AB,AA,AB,AB,BB,AA,AA,BB,BB,AB,AB,AB,BB,AB,AB,AA,AA,AA,AB,AA,AB,BB,AB,AB,AB,AA,AB,AB,AB,AA,AA,AA,AB,AA,AA,AA,AA,BB,AA,BB,AB,AB,AA,AA,AA,AA,AA,AB,AA,AA,AA,AB,AA,AB,AA,BB,BB,AA,AA,AA,AA,AB,AA,AB,AA,AB,AB,AA,BB,AB,AA,AB,AB,AA,AB,AB,AB,AB,AA,AB,AB,BB,AA,AB,AA,AA,AB,AA,AB,-,AA,AB,AA,AA,AA,AB,-,BB,AB,AA,AB,AA,AB,AB,AA,AA,AB,BB,AB,AB,AB,AA,AA,AA,AB,AA,AB,AA,AA,AB,AB,AA,AA,BB,AB,AA,AA,BB,AB,AA,AA,AA,AB,AB,BB,AB,AA,AB,AA,AA,AA,AB,AB,AB,BB,AA,AA,-,AB,AA,AB
957,0.334196891,0.665803109,AB,BB,AB,AB,AB,AB,AB,BB,BB,BB,AB,BB,BB,BB,AB,AB,AB,BB,AB,BB,BB,BB,BB,BB,BB,-,AB,BB,-,AB,AB,BB,-,AB,BB,BB,AB,AB,AB,AB,BB,BB,AA,BB,BB,BB,AB,AB,AB,AA,BB,BB,AA,AB,AB,AB,AB,AB,AB,BB,BB,AB,AA,BB,BB,AA,AB,BB,AB,AB,BB,AB,BB,AB,BB,BB,BB,AA,BB,BB,BB,AB,AB,AA,AB,AA,AB,AB,AB,BB,BB,BB,BB,AB,BB,AA,BB,AB,AB,BB,AB,BB,BB,AA,AA,AA,BB,AB,AA,BB,BB,BB,BB,BB,AB,AB,AB,BB,AA,AA,BB,BB,BB,BB,BB,AB,BB,BB,BB,AB,BB,AB,AB,BB,BB,AB,BB,AB,BB,BB,AB,BB,AB,AB,AA,BB,AB,AB,AB,BB,BB,AB,AB,AA,AA,AB,AA,BB,BB,AA,AA,AB,AB,AB,BB,AA,BB,AB,BB,BB,AA,BB,-,BB,AB,BB,-,BB,BB,AB,AB,AB,BB,AB,AB,AB,BB,BB,BB,AB,BB,-,AB,AA,AB,AA,BB,AB,AB
990,0.324120603,0.675879397,AB,AB,BB,AB,BB,BB,AB,AA,AB,BB,BB,AB,BB,AB,AB,AB,BB,AB,AA,AA,AB,AB,AB,BB,BB,AB,AB,AB,BB,BB,BB,BB,BB,BB,AB,BB,AB,AA,BB,AB,AB,AB,AB,BB,AB,BB,AA,AB,AB,BB,BB,BB,AB,AB,AB,AA,AB,AB,BB,AB,AB,AB,AB,BB,AB,BB,AB,AB,AB,AA,BB,BB,AB,AB,BB,AB,AB,BB,BB,AB,BB,AB,AB,BB,AB,AB,AB,AB,AB,AB,AB,AB,BB,AB,AB,AB,AB,AA,BB,BB,BB,BB,AA,BB,BB,BB,BB,AB,BB,BB,BB,BB,AB,BB,BB,BB,AB,BB,BB,BB,AB,BB,AB,BB,BB,BB,BB,AA,AB,AB,AB,BB,BB,BB,AA,AB,AA,BB,BB,AB,AB,AB,BB,AB,BB,AB,AB,BB,BB,BB,AB,BB,BB,BB,AB,AB,AB,BB,BB,AB,AB,BB,BB,BB,BB,BB,BB,BB,BB,AA,AA,BB,AB,BB,AB,AB,AB,AA,AA,BB,BB,AB,BB,BB,AB,BB,AB,AB,AA,AB,AA,AB,AB,BB,AB,AB,BB,AB,AB
1038,0.789473684,0.210526316,AA,AA,AB,AA,AA,AB,AB,AA,AA,AA,AA,AA,AA,-,AB,AA,AA,AA,AB,AB,AB,BB,AA,AB,AB,AA,AA,AA,AB,AB,AA,AB,AA,-,AA,AA,AA,AB,BB,AA,AB,AB,AA,AB,AA,AA,AA,AA,AB,AA,-,BB,AA,AA,AB,-,AB,AA,AB,AA,AB,AA,AA,AA,AA,AB,AB,AB,AA,AB,AA,AB,AA,BB,AB,AA,AA,AA,AA,AB,BB,AA,AA,AB,AB,AA,AA,AA,AA,AB,AB,AA,AB,AB,AA,AA,AA,AA,AA,AB,AB,AA,AA,AA,AA,AA,AA,-,AA,AA,AA,AA,AA,AB,AA,AA,AA,AB,AA,AA,BB,AA,AA,AA,AA,AA,AA,AA,AA,AA,AB,AB,-,AB,AA,AA,AA,AA,AA,AA,AA,AA,AA,AB,-,-,-,AA,AA,AB,AA,BB,AA,AB,BB,AA,AB,AA,AB,BB,AA,AA,AA,AA,AB,AA,AA,AB,AA,AA,AB,AB,AB,AA,AA,AA,AB,AA,AA,AA,AB,AB,BB,AB,AA,AA,AA,AA,AA,AB,AA,AB,AB,AA,AA,AA,AA,AA,BB
1050,0.637055838,0.362944162,AB,AB,AB,AA,AB,AA,BB,AB,AB,AA,AB,AB,AA,AA,AA,AB,BB,AA,AA,AA,AA,AA,AB,AA,AB,AB,AB,AA,AA,-,AA,AA,AB,AB,BB,AA,AA,AB,AA,AB,AB,AA,AA,AA,AB,AB,BB,AA,BB,AB,AB,AB,AA,AA,AB,AA,AB,AB,AB,AA,AA,BB,AA,AA,AB,AA,AB,AB,AA,AA,AA,AA,AB,AA,AA,AA,AB,AA,BB,AB,AA,AA,BB,AA,AB,AB,BB,AA,AA,AA,BB,BB,AB,AA,BB,AA,AA,BB,AA,AB,AA,AA,BB,AB,AA,AB,AA,AA,AA,AA,BB,AA,BB,AB,AA,AB,AB,AB,AA,AA,AA,AB,BB,BB,AB,AB,BB,AA,AA,AB,AB,AA,AA,AB,AA,AB,AB,BB,AB,AA,AB,AA,AB,AB,AA,AA,AB,AB,AA,BB,AA,AB,AB,AA,AA,AB,AB,AA,BB,AB,AA,AA,AA,AB,AA,AA,AB,AB,AB,BB,AB,BB,AB,BB,AA,AA,-,BB,BB,AA,AA,AB,AA,AB,BB,BB,AB,BB,BB,AB,AB,AB,AB,AB,AA,AA,BB,BB,AB
1091,0.525252525,0.474747475,AB,BB,AB,AB,BB,AB,AB,AA,BB,AB,AB,AA,AB,AB,AA,BB,BB,AB,AA,AB,BB,AB,AA,AB,AB,AB,AB,BB,AA,AB,AA,AB,BB,AB,AB,AB,AB,AB,AA,AB,AB,AB,AB,AB,AB,AB,-,AA,AB,AB,AB,AA,AB,AB,AB,AB,AB,AB,AB,AB,AB,AB,BB,AB,BB,AA,AB,AB,AB,AB,AB,AA,AA,BB,AB,AA,AB,AA,AB,AB,AB,BB,AB,BB,AB,AA,AB,AA,BB,AB,AB,AA,AB,AB,AB,BB,BB,AA,AA,AA,AA,AA,AB,AB,AB,BB,AB,AB,AB,AB,AB,AB,AB,AA,AB,BB,AB,BB,AA,AB,AB,AB,BB,AB,AB,BB,AB,BB,BB,AB,AB,AB,AA,AB,AB,BB,BB,BB,AB,AA,AB,AB,AB,BB,AB,AB,AB,AB,AB,AB,BB,AB,AB,AB,AA,AB,AB,AA,AB,AB,AA,AA,AA,AB,AB,AB,BB,AB,AA,AB,AB,AB,AB,AB,BB,AA,AA,AB,AA,AB,AA,AA,BB,AA,AB,BB,AB,AB,BB,AB,AA,AB,AA,AB,AB,AB,AB,AA,AA
1135,0.243718593,0.756281407,AB,BB,AB,BB,AB,BB,AB,BB,BB,BB,BB,BB,AB,AB,AB,BB,AB,AA,BB,BB,AA,BB,AB,AB,AB,AB,BB,AB,BB,BB,AB,BB,BB,AB,AB,AB,BB,AB,BB,AB,BB,AB,AB,BB,BB,AB,BB,AB,BB,AB,AB,AB,AB,BB,AB,BB,AB,BB,BB,AB,AB,BB,BB,AA,AB,AA,AB,BB,BB,BB,BB,BB,BB,BB,BB,BB,BB,BB,AB,BB,BB,AB,BB,BB,BB,BB,BB,AB,BB,AB,BB,BB,BB,BB,BB,BB,AB,AB,BB,BB,BB,AB,BB,BB,BB,BB,BB,BB,BB,BB,BB,AB,BB,BB,AB,BB,AB,BB,BB,AB,BB,BB,BB,BB,AB,BB,BB,BB,AB,AB,AB,AB,BB,AA,AB,BB,AB,BB,BB,AB,AB,BB,BB,AB,AB,AA,AB,BB,AB,BB,BB,BB,AB,AB,AB,AA,BB,AB,BB,BB,AB,AA,BB,BB,AB,BB,BB,AA,BB,AB,AB,AA,AB,BB,BB,AB,AB,AB,BB,BB,AB,AB,BB,AB,BB,BB,AB,AB,BB,BB,AB,BB,AB,AB,BB,BB,BB,BB,BB
1158,0.330729167,0.669270833,AA,AA,AB,AB,BB,BB,AB,BB,AB,AB,AB,AB,BB,AB,AB,AB,AB,BB,BB,BB,AA,AB,AB,AB,AB,AB,BB,AB,-,BB,BB,BB,-,AA,BB,AB,AB,AB,BB,AB,-,AA,AB,AB,AB,BB,BB,BB,AB,BB,BB,AB,AB,AA,-,AB,-,BB,BB,AA,AB,AA,BB,BB,BB,AB,AB,AB,AA,BB,AB,BB,BB,AA,AB,AA,AB,BB,BB,BB,AB,BB,BB,BB,BB,AB,BB,AB,BB,BB,AB,BB,AB,AB,AB,BB,AB,BB,BB,BB,AB,AB,AB,AB,AA,AB,AA,BB,BB,AA,AB,AB,AA,AB,AB,AB,AA,AB,AB,AB,AB,AA,BB,BB,AB,BB,BB,BB,BB,AB,AB,AB,BB,BB,BB,-,AA,AB,BB,AB,AB,BB,AB,BB,BB,AB,-,BB,BB,BB,AB,AB,BB,AA,BB,BB,BB,BB,BB,AB,BB,BB,AB,BB,AB,BB,BB,AB,AB,AB,AB,AB,AB,BB,BB,AA,AB,BB,AB,BB,BB,BB,AB,BB,BB,BB,AB,AB,AB,AB,AB,BB,BB,BB,BB,AA,BB,BB,BB
1186,0.327411168,0.672588832,AA,BB,BB,AB,AB,BB,AA,BB,BB,BB,BB,AB,AB,BB,AA,BB,AB,AB,BB,BB,AB,BB,AB,AB,AA,AB,AB,AB,AB,BB,AA,AB,AA,BB,BB,AB,AB,AA,BB,BB,BB,BB,AB,BB,AB,BB,BB,AB,BB,BB,AB,AB,AB,BB,AB,AB,BB,AB,AB,AB,AA,AB,AB,BB,AB,AB,AB,AB,AB,BB,BB,AB,AB,BB,BB,BB,BB,BB,BB,AA,BB,AB,AB,BB,BB,BB,BB,BB,AB,AB,BB,BB,AB,AB,BB,AA,AB,BB,AB,AB,BB,BB,BB,BB,AB,AB,BB,AB,AB,AB,-,BB,BB,AB,AB,AB,BB,AB,BB,BB,AB,AB,AB,BB,BB,AB,BB,AB,AB,AB,AB,AB,AB,AB,BB,BB,BB,AB,AB,BB,BB,BB,BB,AB,BB,AB,BB,AB,AB,BB,BB,BB,AB,AB,BB,BB,AB,AB,AB,AB,AB,AA,BB,BB,BB,AB,AB,BB,AB,BB,AA,AA,BB,AB,AA,BB,AA,AB,AB,AB,AB,AB,AB,AB,BB,AB,AB,AB,BB,-,BB,AB,AB,BB,AB,BB,AB,AB,AA
1241,0.53626943,0.46373057,AA,AB,AA,AA,BB,-,-,AA,-,-,AA,AA,AA,-,AA,BB,BB,BB,AB,AB,AA,AB,AB,AA,AB,BB,BB,BB,BB,BB,AB,AB,AB,AA,AB,AA,AB,AB,BB,AB,AB,AB,AB,AB,BB,AA,AB,AA,AA,AA,AB,AA,AB,BB,AB,AB,AB,AB,BB,AA,AA,AB,BB,AB,AB,AB,AB,AB,BB,AB,BB,BB,AA,AA,BB,BB,AB,AB,AB,AB,BB,AB,AA,AB,AB,AB,AA,BB,AB,AA,AB,AB,BB,BB,AB,AB,AA,AA,BB,AA,AB,AA,AB,AB,AB,AA,AA,AB,AB,BB,AB,AB,AA,AB,AA,AA,AA,AB,AB,AB,AB,AB,AA,-,AB,AA,AB,AB,AB,AB,BB,AB,BB,AB,AA,AA,AA,AB,AB,AB,AB,AA,AB,BB,AB,AB,AB,AB,AB,AB,AB,AB,AA,BB,AA,BB,AB,BB,BB,AA,AB,AB,AA,BB,AB,AB,AB,BB,AB,AB,BB,AA,AB,AB,AA,BB,AA,AB,AB,AB,AA,AA,AB,AA,AB,AB,AB,AB,AB,AB,BB,BB,AB,AB,BB,AA,AB,AA,AA
1249,0.397435897,0.602564103,AB,BB,AA,AB,AB,AA,AA,AA,AB,BB,AB,BB,BB,BB,BB,BB,AB,AA,BB,AB,BB,AB,BB,BB,AB,AB,AB,AB,-,BB,AB,BB,BB,AB,BB,AB,BB,BB,AB,AB,BB,AA,BB,AB,AB,AA,BB,BB,BB,AA,AB,AB,BB,AB,BB,AA,BB,AB,AB,BB,AB,AB,BB,AB,AA,AB,AA,AB,AA,AB,AB,BB,AB,AB,BB,AB,AB,BB,BB,AB,AB,AB,AA,AB,BB,BB,AB,BB,AB,AB,AB,AB,AB,BB,AB,BB,BB,AA,AB,AB,BB,AB,AB,BB,BB,AA,AB,AB,AB,AB,AB,AB,BB,AB,AB,AA,BB,BB,BB,AB,BB,BB,BB,AB,BB,BB,AA,AB,AB,AB,AB,-,BB,AB,AA,AA,AA,AB,AB,AA,AB,AB,BB,AB,AA,BB,AB,-,AA,AA,AB,BB,AA,BB,BB,AA,AA,AB,AB,BB,AA,BB,AB,AB,BB,BB,AA,BB,BB,AA,BB,BB,AA,AB,BB,BB,AB,AA,AB,AB,AB,AB,BB,AB,AB,BB,BB,BB,AB,AB,-,BB,AB,BB,AB,BB,AB,AA,BB
1264,0.788659794,0.211340206,AA,AA,AA,AB,AA,AA,AA,AA,AA,AA,AA,AA,AB,AA,AA,AB,AA,AA,AA,AA,AA,AA,AA,AB,AA,AA,AB,AA,AA,AA,AA,-,AA,AA,AA,BB,AA,AB,AA,AA,-,AA,AA,AA,AA,AB,AB,AA,AA,-,AB,AB,AA,AA,AB,AB,-,AB,AA,AA,AB,AA,AB,AA,AA,AA,AA,AB,AA,AA,AB,AB,AA,AA,AA,AB,AB,AA,AB,AB,AA,AB,AB,AA,AA,AA,AB,AB,AB,AB,AB,AB,BB,AB,AA,AA,AB,AA,AA,AB,AA,AB,AA,AA,AB,BB,AA,AA,AA,AB,AB,AB,AB,AA,AB,BB,AA,AA,AA,AA,AB,AA,AA,AA,AA,AA,AA,AB,BB,AB,AA,AA,AB,AB,AB,AB,AA,AA,AA,AB,AA,AB,AB,AB,AA,AB,AA,AA,-,AA,AB,AB,AB,AB,AA,BB,AA,AA,AA,AB,AA,AA,AA,AA,AB,AA,AB,AA,AA,AA,AB,AA,AA,AA,AA,AA,AA,AB,AA,AB,AB,AA,AA,AB,AB,AB,AB,AA,AB,AA,AA,AA,AA,AB,AB,AA,AA,AA,AA
1285,0.380829016,0.619170984,AB,AA,BB,AB,BB,AB,AB,BB,AA,AB,BB,AB,BB,AA,BB,AA,AB,AB,AB,AB,BB,AB,AB,BB,AA,BB,AA,AA,AB,AB,AB,AB,BB,AA,BB,BB,AB,AB,AB,AB,BB,BB,AB,BB,AB,BB,BB,-,BB,BB,BB,AB,AB,AB,AB,AA,BB,BB,BB,BB,AB,BB,AB,BB,AB,AA,BB,AB,AA,AB,AB,BB,AB,AB,BB,AB,AB,AB,BB,BB,BB,BB,AB,AB,AB,AB,AB,AB,BB,BB,BB,AB,AB,BB,AB,AB,AB,AB,AB,BB,AB,BB,AB,AA,AB,AB,AB,BB,AB,AB,AB,AB,BB,-,AB,BB,-,AB,AB,BB,BB,AB,AB,AB,BB,AB,AB,BB,AB,BB,BB,AB,AB,BB,BB,BB,AA,BB,AA,AB,-,BB,BB,AB,BB,AB,BB,BB,AB,BB,BB,BB,AB,AA,AA,AA,AA,AB,AB,BB,AB,BB,AB,AB,BB,AB,AB,AB,AB,AB,BB,AB,AB,AB,AB,AA,BB,AB,AB,BB,AA,AB,AB,BB,AB,AB,AB,AB,AB,-,AB,AB,AB,AB,AB,AB,AA,AB,-
1306,0.66080402,0.33919598,AA,AB,AB,AB,AB,AB,AA,AA,BB,AA,AB,BB,AA,AA,AA,AA,AA,AA,AB,AA,AA,AA,AB,AA,AB,AA,BB,AB,AA,AA,AB,AA,AA,AB,AB,AA,AA,AB,AA,AA,AA,AA,AA,AA,AA,AB,AA,AB,AA,AB,AA,AA,AB,AB,AB,AB,AB,AB,AB,AA,AA,AB,AA,AA,AB,AA,AB,AA,AB,AB,BB,BB,AA,AB,AB,AB,BB,AA,AA,AB,AB,AA,AB,AB,AB,AA,AB,AA,AA,AB,AB,AB,AA,AB,BB,AA,AA,AB,BB,AA,AB,AB,BB,AB,AB,AB,AA,AA,AA,AB,AA,AA,BB,AB,AB,AB,AA,AA,AA,AA,AB,BB,AB,AB,AB,AA,BB,AA,AA,AB,BB,BB,AB,AA,AA,AA,BB,AB,AB,BB,AA,AA,AA,AB,AB,BB,AB,AB,AA,AB,AB,AA,AA,AB,AB,BB,BB,AB,AB,AA,AA,AB,AB,AB,AB,AB,AA,AA,AA,AB,AB,AA,AA,AB,AA,BB,AA,AA,AA,AA,AB,AB,AA,AB,AB,AB,AA,BB,BB,AB,AB,AA,AB,AA,AA,AB,AB,AB,BB
1339,0.484924623,0.515075377,AA,BB,AB,AA,AA,AA,AA,AB,AB,AB,BB,AA,BB,BB,AB,AB,AB,BB,AB,AB,AB,BB,AB,AB,AA,AB,BB,BB,AA,AB,AA,AB,AA,AA,AB,AB,AA,AB,AB,AA,AB,BB,AB,AA,AB,AA,AA,AB,AB,AB,AB,AB,AB,BB,AA,AA,AB,AB,AA,AB,AB,AA,AB,BB,AB,AB,AB,AA,AA,BB,BB,AA,AB,BB,AA,AB,AB,AA,AB,AB,AA,BB,AB,AB,AB,BB,AA,AA,AB,AA,AB,AB,AB,BB,AB,BB,AB,AB,AA,AB,BB,AA,AB,BB,BB,BB,AB,BB,BB,AB,AB,BB,AB,BB,AB,BB,AB,AA,AA,AB,BB,BB,BB,AB,AB,BB,AB,AB,AA,AB,AB,AB,AB,BB,BB,AB,AA,AB,AB,AB,BB,BB,AA,BB,BB,BB,AB,AB,BB,AA,BB,AB,BB,AB,AA,BB,AB,AB,AA,AB,BB,AB,BB,BB,AB,BB,BB,BB,AB,AB,BB,AB,AB,BB,AB,AA,AB,AA,BB,BB,AA,AA,BB,AA,AA,AA,AB,AA,AA,BB,AB,BB,AA,AB,BB,AB,AB,AB,AA
1370,0.535175879,0.464824121,AA,BB,AB,AA,AA,AB,AB,AB,AB,AB,AB,AA,AB,BB,AB,BB,AB,AB,AA,AB,BB,AB,AA,AB,BB,AB,AB,AA,AB,AB,AA,AB,BB,AA,AA,AA,AB,BB,AA,AA,BB,AA,AA,AB,AA,AA,AA,AA,AB,AA,AB,BB,AB,BB,BB,AA,AB,AA,AB,AB,AA,AB,AA,AB,AB,AB,AB,BB,AB,AA,AA,BB,BB,BB,AA,AA,AB,AB,AA,AB,AA,BB,AB,BB,AB,BB,AB,AB,AB,AB,BB,AB,AB,AB,AB,AB,BB,AB,AA,BB,AB,AB,AB,AB,AA,AB,AB,AB,AB,AB,AB,AB,AB,AB,BB,AB,AB,BB,AA,AB,BB,AA,AA,AA,BB,AA,AA,AB,BB,AA,AB,BB,AA,BB,AB,AB,AB,AB,AA,AB,AA,BB,AB,AA,AA,AB,AB,AB,AA,AA,BB,BB,AB,BB,AB,AB,AB,AA,AB,BB,BB,BB,AA,AB,AB,AB,AB,AB,BB,AA,AB,BB,AA,AA,AA,BB,AA,BB,BB,AB,BB,BB,AA,AB,AA,AA,AB,AA,AA,AB,AB,AB,BB,AB,BB,AB,AA,AB,BB
1378,0.804020101,0.195979899,AA,AB,AA,AA,AB,AB,AA,AB,AB,AA,AB,AA,AA,AA,AA,AA,AB,AA,AA,AB,AA,AA,AA,AA,AB,AA,AA,AA,AA,AA,AA,AA,AA,AB,AB,AA,AA,AB,AB,AB,AA,AB,AA,AB,AA,AA,BB,AA,AA,AA,AA,AB,AB,AB,AB,AB,AA,AB,AA,AA,AA,AA,AB,AB,AB,AA,AA,AA,AA,AA,AA,AA,AB,AA,BB,AA,AA,AA,AB,AA,BB,AB,BB,AB,AA,AA,AB,AB,AA,AA,AB,AA,AA,AA,AA,AA,AB,AA,AA,AB,AB,AA,AA,AA,AA,AA,AA,AB,AA,AA,AA,AA,AA,AA,AB,AA,AB,AA,AB,AA,AA,BB,AA,AB,AA,AA,AB,AB,AB,AA,AA,AA,AB,AA,AB,AB,AA,AB,AB,AA,AA,AA,AB,AB,AA,AB,AA,AB,AA,AA,AB,AA,AB,AA,AA,AA,AA,AA,AB,AB,AA,AB,AA,AA,AA,AB,AA,BB,AA,AA,AA,AA,AA,AB,AA,AA,AA,AB,AA,AA,AA,AB,AA,AA,AA,AB,AA,AA,AA,AB,AA,AB,AB,AA,AA,AA,AA,AA,AB
1454,0.58994709,0.41005291,-,AB,AA,AB,AA,AA,AA,AB,AB,AA,BB,AB,BB,-,AB,AA,AB,AB,AA,AA,BB,AA,AB,BB,AA,BB,AA,AB,AA,AA,BB,AB,AB,AB,-,AB,BB,-,BB,AA,AA,AB,AB,BB,AB,AB,AA,BB,AA,-,AA,-,AB,AA,AB,AB,AA,AA,AA,AA,AB,AA,AA,AB,AA,AA,AB,AB,AB,AA,AA,AB,AA,AA,BB,AA,AB,BB,AA,BB,BB,AB,AB,AB,AA,AA,AA,BB,AA,AB,BB,AB,BB,AB,AA,BB,BB,AA,BB,BB,AA,AA,AA,AB,AB,AB,BB,AA,AB,AA,AA,AB,AA,AB,BB,BB,BB,BB,AA,AB,BB,AA,AB,AB,AB,AA,BB,AB,AB,AB,AA,AB,BB,-,AA,AB,AB,AA,AB,AA,BB,AA,BB,AB,-,AB,AA,-,-,AB,AA,AB,BB,BB,AB,AA,AB,AB,AA,AA,AA,BB,AB,BB,AA,AB,BB,BB,AB,AB,AA,AB,AA,AA,AA,AA,BB,AB,BB,AA,AB,AB,BB,AB,AA,AB,AB,AB,AB,AB,AB,AA,AB,AA,AA,AA,AB,AA,AA
1485,0.769633508,0.230366492,-,AA,AA,AB,AA,AA,AA,AA,-,AA,AA,AA,AA,-,AB,AA,AA,AA,AB,-,AB,AB,AA,AB,AA,AA,AA,AA,AA,AA,BB,AA,AA,AA,AA,AB,AA,AA,AA,AB,AA,AB,AB,AA,AA,AA,AA,BB,AA,-,AA,AB,BB,AA,-,AA,AB,AA,AA,AB,AB,AA,AB,BB,AA,AA,BB,AA,AB,AB,AB,AB,AB,AB,AA,AB,AB,AB,AA,AA,AA,AA,AA,AA,AA,BB,AB,AA,AB,AA,AA,AA,AB,AB,AB,AB,AA,AB,AB,AB,AA,AB,AA,AA,AA,AA,AA,AB,AB,AB,AA,AB,AB,AB,AB,AB,AB,AA,AA,AA,AA,AA,-,AA,AB,AB,AA,AB,AA,AA,AA,AB,AA,AA,AA,AA,AB,AA,AA,AA,AA,AA,AA,AA,-,AA,AA,AA,AA,AA,AA,AB,AA,AB,BB,AA,AA,AA,AA,AA,AA,AB,AA,AA,BB,AB,AA,BB,AA,AB,AA,AB,AA,AA,AA,AA,AB,AA,AA,AB,BB,AB,AB,AB,AB,AA,AB,AB,AB,AA,AA,BB,AA,AA,AB,AA,AA,AB,AB
1557,0.4609375,0.5390625,-,AA,AA,AA,-,AA,-,AA,-,-,AA,AA,AA,AA,AB,AB,AB,BB,BB,BB,BB,BB,AB,AA,AB,AB,BB,AB,BB,BB,AB,BB,BB,AA,AB,AB,AB,AB,AA,AA,BB,AA,AB,AB,AB,-,AB,AB,AB,AB,AB,BB,AB,BB,AB,AB,BB,BB,BB,AB,BB,BB,AA,AB,AB,BB,AB,AB,BB,AA,AA,AB,AA,AB,AA,AA,AB,AB,BB,BB,AA,AA,BB,AB,BB,AA,BB,BB,AB,AB,AB,BB,AA,AB,AB,AA,AA,AB,AB,AA,AB,BB,AB,AB,BB,BB,AA,AB,AB,AA,BB,BB,AA,AB,AA,BB,AA,AA,AA,BB,AB,BB,AA,AA,AA,AA,AB,AA,AB,BB,AB,BB,AA,AB,AB,-,AB,AB,AA,BB,AB,AB,BB,BB,AB,BB,AB,AB,BB,AA,AA,AB,AB,BB,AB,BB,AB,BB,AB,AB,BB,BB,AB,AB,BB,AB,AB,AB,BB,AB,BB,AA,BB,BB,AB,BB,BB,AB,AB,AA,BB,AB,BB,AB,BB,BB,AA,AB,AB,AB,BB,AB,AB,BB,AB,AB,BB,AB,AB
9437,0.708762887,0.291237113,AA,AA,AA,AB,AA,AB,AB,AB,AA,AA,AB,AB,AB,AA,AA,AA,AA,AA,AB,AA,AB,AA,AB,AB,-,AA,AB,AB,AA,AA,BB,AA,BB,AA,AB,AB,AA,BB,AA,AB,AB,AA,AB,AA,AB,AB,AB,AB,AA,AB,AB,AA,AA,AB,AB,AB,AB,AB,AA,AA,AA,AB,-,AB,AB,AA,BB,AA,AA,AB,AB,AA,AA,AB,AA,AA,AB,AA,AB,AB,AA,AA,AB,AB,AB,-,AB,AA,AA,AB,AB,AB,AA,AB,AB,AB,BB,AB,AB,AA,AA,AA,AB,AA,AA,AB,BB,AB,AA,AA,AA,AA,AA,AB,AA,AB,AA,AA,AA,-,BB,AB,AA,AB,AB,AB,AB,AA,AB,AB,AB,AA,AA,AB,AA,-,AB,BB,AB,AA,AA,AB,BB,AB,AA,AA,AA,AB,AA,AB,AA,AA,AA,AA,AA,AB,AB,AA,AA,AA,AB,AA,AA,AA,AA,AA,AB,AA,AB,AA,AA,AA,AA,AB,AA,AA,BB,AA,AB,BB,AB,AB,AA,AA,AA,BB,AB,AA,AB,AB,AB,BB,AB,AB,AA,AA,AB,AA,AB
10142,0.536458333,0.463541667,AA,AB,AB,AB,AA,AA,AB,AA,AB,-,AA,BB,AB,AB,BB,AB,BB,AB,BB,AB,BB,AA,AA,AB,AA,BB,AB,AB,AB,AB,AB,AB,AB,AB,AB,AB,AA,-,AA,BB,BB,AA,AB,-,AA,AB,AB,BB,AB,AB,BB,AB,AA,AB,BB,AB,BB,BB,AA,BB,BB,AB,AA,AA,AA,-,AA,AA,BB,AB,AA,AB,AB,AB,AA,AA,BB,BB,AA,AB,AA,AA,AA,AB,BB,AB,AB,AB,AA,AA,AA,BB,BB,AA,AB,AA,AB,AA,AB,AB,AB,BB,BB,AB,-,AB,BB,AB,AA,AA,AA,BB,AB,AB,AB,AB,AB,AB,AB,AA,BB,AA,AA,AB,AB,AA,-,AB,AA,BB,AA,BB,AB,AA,AB,AB,AB,AA,AB,BB,BB,AB,AA,BB,AB,BB,AB,AB,AB,AB,AA,AA,-,AB,BB,AB,AB,BB,AB,AB,AA,AB,AB,AA,AB,AB,AA,AA,BB,AB,AB,AB,AA,AB,BB,BB,AB,AA,BB,BB,BB,AB,AB,BB,BB,AB,AB,AB,AB,AA,AB,AB,AA,AB,AA,AB,AA,AB,AB